year-month,country,members
2011-12,Australia,168
2011-12,Canada,477
2011-12,France,50
2011-12,Germany,80
2011-12,Mexico,37
2011-12,Netherlands,33
2011-12,New Zealand,32
2011-12,Spain,27
2011-12,Sweden,46
2011-12,United Kingdom,179
2011-12,United States,147757
2011-12,Virgin Islands,36
2012-01,Australia,497
2012-01,Belgium,40
2012-01,Brazil,29
2012-01,Canada,947
2012-01,Finland,27
2012-01,France,103
2012-01,Germany,179
2012-01,Hong Kong,32
2012-01,India,41
2012-01,Ireland,32
2012-01,Italy,46
2012-01,Mexico,72
2012-01,Netherlands,76
2012-01,New Zealand,78
2012-01,Puerto Rico,31
2012-01,Singapore,34
2012-01,Spain,53
2012-01,Sweden,80
2012-01,Switzerland,50
2012-01,United Kingdom,432
2012-01,United States,159907
2012-01,Virgin Islands,35
2012-02,Afghanistan,35
2012-02,Argentina,118
2012-02,Australia,22813
2012-02,Austria,122
2012-02,Belgium,173
2012-02,Brazil,196
2012-02,Bulgaria,27
2012-02,Canada,3071
2012-02,Chile,67
2012-02,China,193
2012-02,Colombia,88
2012-02,Costa Rica,52
2012-02,Croatia,26
2012-02,Denmark,129
2012-02,Finland,160
2012-02,France,289
2012-02,Germany,579
2012-02,Greece,66
2012-02,Hong Kong,126
2012-02,Hungary,60
2012-02,India,173
2012-02,Indonesia,54
2012-02,Ireland,215
2012-02,Israel,73
2012-02,Italy,286
2012-02,Japan,71
2012-02,Malaysia,74
2012-02,Mexico,264
2012-02,Netherlands,394
2012-02,New Zealand,270
2012-02,Norway,240
2012-02,Pakistan,31
2012-02,Peru,34
2012-02,Philippines,69
2012-02,Poland,48
2012-02,Portugal,111
2012-02,Puerto Rico,46
2012-02,Romania,40
2012-02,Russia,76
2012-02,Singapore,124
2012-02,Slovenia,29
2012-02,South Africa,83
2012-02,South Korea,30
2012-02,Spain,717
2012-02,Sweden,342
2012-02,Switzerland,184
2012-02,Taiwan,60
2012-02,Thailand,39
2012-02,Turkey,60
2012-02,Ukraine,26
2012-02,United Kingdom,2641
2012-02,United States,204439
2012-02,Uruguay,36
2012-02,Venezuela,36
2012-02,Virgin Islands,43
2012-03,Afghanistan,53
2012-03,Argentina,399
2012-03,Australia,27703
2012-03,Austria,226
2012-03,Belgium,396
2012-03,Brazil,394
2012-03,Bulgaria,44
2012-03,Cambodia,31
2012-03,Canada,19116
2012-03,Chile,114
2012-03,China,1218
2012-03,Colombia,115
2012-03,Costa Rica,109
2012-03,Croatia,48
2012-03,Czech Republic,61
2012-03,Denmark,509
2012-03,Dominican Republic,27
2012-03,Finland,333
2012-03,France,685
2012-03,Georgia,32
2012-03,Germany,1386
2012-03,Greece,159
2012-03,Guatemala,32
2012-03,Hong Kong,267
2012-03,Hungary,94
2012-03,Iceland,80
2012-03,India,385
2012-03,Indonesia,93
2012-03,Ireland,701
2012-03,Israel,182
2012-03,Italy,432
2012-03,Japan,340
2012-03,Kenya,44
2012-03,Malaysia,274
2012-03,Malta,40
2012-03,Mexico,662
2012-03,Netherlands,1191
2012-03,New Zealand,886
2012-03,Norway,663
2012-03,Pakistan,37
2012-03,Panama,32
2012-03,Peru,89
2012-03,Philippines,346
2012-03,Poland,132
2012-03,Portugal,162
2012-03,Puerto Rico,90
2012-03,Romania,68
2012-03,Russia,161
2012-03,Singapore,367
2012-03,Slovakia,26
2012-03,Slovenia,53
2012-03,South Africa,286
2012-03,South Korea,71
2012-03,Spain,971
2012-03,Sri Lanka,34
2012-03,Sweden,1269
2012-03,Switzerland,367
2012-03,Taiwan,213
2012-03,Thailand,124
2012-03,Trinidad and Tobago,36
2012-03,Turkey,89
2012-03,Uganda,37
2012-03,Ukraine,32
2012-03,United Arab Emirates,62
2012-03,United Kingdom,11295
2012-03,United States,538858
2012-03,Uruguay,66
2012-03,US Virgin Islands,110
2012-03,Venezuela,52
2012-03,Virgin Islands,76
2012-04,Afghanistan,54
2012-04,Argentina,401
2012-04,Australia,27602
2012-04,Austria,244
2012-04,Belgium,433
2012-04,Brazil,408
2012-04,Bulgaria,48
2012-04,Cambodia,32
2012-04,Canada,20786
2012-04,Chile,115
2012-04,China,1189
2012-04,Colombia,120
2012-04,Costa Rica,109
2012-04,Croatia,45
2012-04,Czech Republic,63
2012-04,Denmark,494
2012-04,Dominican Republic,26
2012-04,Finland,324
2012-04,France,937
2012-04,Georgia,34
2012-04,Germany,1603
2012-04,Greece,168
2012-04,Guatemala,34
2012-04,Hong Kong,275
2012-04,Hungary,100
2012-04,Iceland,80
2012-04,India,427
2012-04,Indonesia,99
2012-04,Ireland,716
2012-04,Israel,175
2012-04,Italy,507
2012-04,Japan,326
2012-04,Kenya,45
2012-04,Luxembourg,31
2012-04,Malaysia,300
2012-04,Malta,42
2012-04,Mexico,684
2012-04,Netherlands,1154
2012-04,New Zealand,883
2012-04,Norway,665
2012-04,Pakistan,44
2012-04,Panama,34
2012-04,Peru,102
2012-04,Philippines,356
2012-04,Poland,136
2012-04,Portugal,175
2012-04,Puerto Rico,98
2012-04,Romania,70
2012-04,Russia,165
2012-04,Serbia,28
2012-04,Singapore,376
2012-04,Slovenia,57
2012-04,South Africa,294
2012-04,South Korea,76
2012-04,Spain,991
2012-04,Sri Lanka,35
2012-04,Sweden,1222
2012-04,Switzerland,386
2012-04,Taiwan,219
2012-04,Thailand,124
2012-04,Trinidad and Tobago,36
2012-04,Turkey,99
2012-04,Uganda,35
2012-04,Ukraine,32
2012-04,United Arab Emirates,64
2012-04,United Kingdom,11298
2012-04,United States,579316
2012-04,Uruguay,67
2012-04,US Virgin Islands,112
2012-04,Venezuela,56
2012-04,Vietnam,26
2012-04,Virgin Islands,82
2012-05,Afghanistan,46
2012-05,Argentina,402
2012-05,Australia,28648
2012-05,Austria,278
2012-05,Belgium,504
2012-05,Brazil,420
2012-05,Bulgaria,49
2012-05,Cambodia,38
2012-05,Canada,21134
2012-05,Chile,117
2012-05,China,1148
2012-05,Colombia,124
2012-05,Costa Rica,110
2012-05,Croatia,47
2012-05,Czech Republic,82
2012-05,Denmark,501
2012-05,Dominican Republic,26
2012-05,Ecuador,27
2012-05,Egypt,27
2012-05,Finland,336
2012-05,France,1002
2012-05,Georgia,37
2012-05,Germany,1703
2012-05,Greece,178
2012-05,Guatemala,35
2012-05,Hong Kong,282
2012-05,Hungary,102
2012-05,Iceland,79
2012-05,India,457
2012-05,Indonesia,114
2012-05,Ireland,848
2012-05,Israel,181
2012-05,Italy,563
2012-05,Japan,338
2012-05,Kenya,48
2012-05,Luxembourg,32
2012-05,Malaysia,304
2012-05,Malta,42
2012-05,Mexico,689
2012-05,Netherlands,1210
2012-05,New Zealand,1011
2012-05,Nigeria,28
2012-05,Norway,704
2012-05,Pakistan,55
2012-05,Panama,32
2012-05,Peru,99
2012-05,Philippines,373
2012-05,Poland,180
2012-05,Portugal,186
2012-05,Puerto Rico,106
2012-05,Romania,72
2012-05,Russia,166
2012-05,Serbia,31
2012-05,Singapore,354
2012-05,Slovenia,57
2012-05,South Africa,320
2012-05,South Korea,84
2012-05,Spain,1039
2012-05,Sri Lanka,37
2012-05,Sweden,1308
2012-05,Switzerland,412
2012-05,Taiwan,221
2012-05,Thailand,161
2012-05,Trinidad and Tobago,39
2012-05,Turkey,114
2012-05,Uganda,39
2012-05,Ukraine,32
2012-05,United Arab Emirates,58
2012-05,United Kingdom,12102
2012-05,United States,575126
2012-05,Uruguay,71
2012-05,US Virgin Islands,111
2012-05,Venezuela,54
2012-05,Vietnam,28
2012-05,Virgin Islands,84
2012-06,Afghanistan,42
2012-06,Argentina,412
2012-06,Australia,29657
2012-06,Austria,296
2012-06,Belgium,537
2012-06,Brazil,438
2012-06,Bulgaria,48
2012-06,Cambodia,39
2012-06,Canada,33534
2012-06,Chile,125
2012-06,China,1138
2012-06,Colombia,128
2012-06,Costa Rica,119
2012-06,Croatia,51
2012-06,Czech Republic,87
2012-06,Denmark,513
2012-06,Dominican Republic,28
2012-06,Ecuador,31
2012-06,Egypt,30
2012-06,Finland,349
2012-06,France,1136
2012-06,Georgia,37
2012-06,Germany,2614
2012-06,Greece,188
2012-06,Guatemala,33
2012-06,Hong Kong,299
2012-06,Hungary,99
2012-06,Iceland,82
2012-06,India,488
2012-06,Indonesia,121
2012-06,Ireland,922
2012-06,Israel,191
2012-06,Italy,593
2012-06,Japan,347
2012-06,Kenya,50
2012-06,Luxembourg,34
2012-06,Malaysia,312
2012-06,Malta,55
2012-06,Mexico,741
2012-06,Netherlands,1246
2012-06,New Zealand,1135
2012-06,Nigeria,29
2012-06,Norway,707
2012-06,Pakistan,57
2012-06,Panama,35
2012-06,Peru,102
2012-06,Philippines,390
2012-06,Poland,196
2012-06,Portugal,194
2012-06,Puerto Rico,109
2012-06,Romania,80
2012-06,Russia,172
2012-06,Serbia,34
2012-06,Singapore,370
2012-06,Slovakia,26
2012-06,Slovenia,68
2012-06,South Africa,358
2012-06,South Korea,88
2012-06,Spain,1075
2012-06,Sri Lanka,38
2012-06,Sweden,1352
2012-06,Switzerland,467
2012-06,Taiwan,224
2012-06,Thailand,163
2012-06,Trinidad and Tobago,42
2012-06,Turkey,116
2012-06,Uganda,38
2012-06,Ukraine,36
2012-06,United Arab Emirates,63
2012-06,United Kingdom,12761
2012-06,United States,594714
2012-06,Uruguay,71
2012-06,US Virgin Islands,121
2012-06,Venezuela,51
2012-06,Vietnam,27
2012-06,Virgin Islands,88
2012-07,Afghanistan,41
2012-07,Argentina,460
2012-07,Australia,31118
2012-07,Austria,355
2012-07,Belgium,736
2012-07,Brazil,491
2012-07,Bulgaria,58
2012-07,Cambodia,40
2012-07,Canada,44651
2012-07,Chile,139
2012-07,China,1132
2012-07,Colombia,159
2012-07,Costa Rica,127
2012-07,Croatia,76
2012-07,Cyprus,29
2012-07,Czech Republic,135
2012-07,Denmark,584
2012-07,Dominican Republic,40
2012-07,Ecuador,37
2012-07,Egypt,33
2012-07,El Salvador,26
2012-07,Estonia,29
2012-07,Finland,423
2012-07,France,1312
2012-07,Georgia,36
2012-07,Germany,3077
2012-07,Greece,240
2012-07,Guatemala,35
2012-07,Hong Kong,322
2012-07,Hungary,115
2012-07,Iceland,107
2012-07,India,542
2012-07,Indonesia,129
2012-07,Ireland,1038
2012-07,Israel,213
2012-07,Italy,756
2012-07,Japan,389
2012-07,Kenya,52
2012-07,Lithuania,32
2012-07,Luxembourg,39
2012-07,Malaysia,348
2012-07,Malta,61
2012-07,Mexico,815
2012-07,Netherlands,1555
2012-07,New Zealand,1365
2012-07,Nigeria,30
2012-07,Norway,789
2012-07,Pakistan,64
2012-07,Panama,39
2012-07,Peru,107
2012-07,Philippines,401
2012-07,Poland,244
2012-07,Portugal,258
2012-07,Puerto Rico,128
2012-07,Romania,94
2012-07,Russia,210
2012-07,Serbia,43
2012-07,Singapore,388
2012-07,Slovakia,28
2012-07,Slovenia,89
2012-07,South Africa,406
2012-07,South Korea,94
2012-07,Spain,1217
2012-07,Sri Lanka,43
2012-07,Sweden,1602
2012-07,Switzerland,608
2012-07,Taiwan,226
2012-07,Thailand,181
2012-07,Trinidad and Tobago,48
2012-07,Turkey,132
2012-07,Uganda,38
2012-07,Ukraine,42
2012-07,United Arab Emirates,78
2012-07,United Kingdom,14697
2012-07,United States,612442
2012-07,Uruguay,74
2012-07,US Virgin Islands,122
2012-07,Venezuela,53
2012-07,Vietnam,30
2012-07,Virgin Islands,91
2012-08,Afghanistan,36
2012-08,Argentina,472
2012-08,Australia,31045
2012-08,Austria,385
2012-08,Bangladesh,27
2012-08,Belgium,771
2012-08,Brazil,527
2012-08,Bulgaria,62
2012-08,Cambodia,42
2012-08,Canada,64168
2012-08,Chile,143
2012-08,China,1120
2012-08,Colombia,172
2012-08,Costa Rica,129
2012-08,Croatia,78
2012-08,Cyprus,29
2012-08,Czech Republic,143
2012-08,Denmark,633
2012-08,Dominican Republic,43
2012-08,Ecuador,44
2012-08,Egypt,34
2012-08,El Salvador,26
2012-08,Estonia,30
2012-08,Finland,467
2012-08,France,1423
2012-08,Georgia,36
2012-08,Germany,3245
2012-08,Greece,262
2012-08,Guatemala,39
2012-08,Hong Kong,328
2012-08,Hungary,115
2012-08,Iceland,110
2012-08,India,562
2012-08,Indonesia,137
2012-08,Ireland,1081
2012-08,Israel,224
2012-08,Italy,784
2012-08,Japan,401
2012-08,Kenya,52
2012-08,Lithuania,32
2012-08,Luxembourg,39
2012-08,Malaysia,357
2012-08,Malta,65
2012-08,Mexico,852
2012-08,Netherlands,1691
2012-08,New Zealand,1426
2012-08,Nicaragua,26
2012-08,Nigeria,33
2012-08,Norway,827
2012-08,Pakistan,71
2012-08,Panama,40
2012-08,Peru,108
2012-08,Philippines,408
2012-08,Poland,257
2012-08,Portugal,289
2012-08,Puerto Rico,149
2012-08,Romania,101
2012-08,Russia,218
2012-08,Serbia,44
2012-08,Singapore,386
2012-08,Slovakia,32
2012-08,Slovenia,93
2012-08,South Africa,420
2012-08,South Korea,94
2012-08,Spain,1293
2012-08,Sri Lanka,44
2012-08,Sweden,1727
2012-08,Switzerland,759
2012-08,Taiwan,227
2012-08,Thailand,181
2012-08,Trinidad and Tobago,52
2012-08,Turkey,137
2012-08,Uganda,39
2012-08,Ukraine,40
2012-08,United Arab Emirates,81
2012-08,United Kingdom,15316
2012-08,United States,634079
2012-08,Uruguay,75
2012-08,US Virgin Islands,129
2012-08,Venezuela,56
2012-08,Vietnam,30
2012-08,Virgin Islands,94
2012-09,Afghanistan,36
2012-09,Argentina,473
2012-09,Australia,31144
2012-09,Austria,473
2012-09,Bangladesh,30
2012-09,Belgium,789
2012-09,Brazil,531
2012-09,Bulgaria,65
2012-09,Cambodia,41
2012-09,Canada,63161
2012-09,Chile,143
2012-09,China,1112
2012-09,Colombia,176
2012-09,Costa Rica,131
2012-09,Croatia,76
2012-09,Cyprus,31
2012-09,Czech Republic,145
2012-09,Denmark,645
2012-09,Dominican Republic,41
2012-09,Ecuador,46
2012-09,Egypt,35
2012-09,El Salvador,26
2012-09,Estonia,31
2012-09,Finland,465
2012-09,France,1451
2012-09,Georgia,36
2012-09,Germany,3737
2012-09,Greece,279
2012-09,Guatemala,39
2012-09,Hong Kong,329
2012-09,Hungary,120
2012-09,Iceland,117
2012-09,India,566
2012-09,Indonesia,140
2012-09,Ireland,1088
2012-09,Israel,221
2012-09,Italy,823
2012-09,Japan,398
2012-09,Kenya,53
2012-09,Lithuania,34
2012-09,Luxembourg,44
2012-09,Malaysia,368
2012-09,Malta,69
2012-09,Mexico,877
2012-09,Netherlands,1783
2012-09,New Zealand,1447
2012-09,Nicaragua,29
2012-09,Nigeria,33
2012-09,Norway,835
2012-09,Pakistan,77
2012-09,Panama,40
2012-09,Peru,111
2012-09,Philippines,407
2012-09,Poland,262
2012-09,Portugal,302
2012-09,Puerto Rico,150
2012-09,Romania,100
2012-09,Russia,219
2012-09,Serbia,45
2012-09,Singapore,384
2012-09,Slovakia,33
2012-09,Slovenia,99
2012-09,South Africa,423
2012-09,South Korea,97
2012-09,Spain,1320
2012-09,Sri Lanka,45
2012-09,Sweden,1771
2012-09,Switzerland,808
2012-09,Taiwan,227
2012-09,Thailand,183
2012-09,Trinidad and Tobago,53
2012-09,Turkey,144
2012-09,Uganda,40
2012-09,Ukraine,42
2012-09,United Arab Emirates,80
2012-09,United Kingdom,15733
2012-09,United States,628517
2012-09,Uruguay,74
2012-09,US Virgin Islands,127
2012-09,Venezuela,56
2012-09,Vietnam,30
2012-09,Virgin Islands,95
2012-10,Afghanistan,36
2012-10,Argentina,488
2012-10,Australia,34536
2012-10,Austria,498
2012-10,Bangladesh,31
2012-10,Belgium,845
2012-10,Bermuda,26
2012-10,Brazil,572
2012-10,Bulgaria,70
2012-10,Cambodia,40
2012-10,Canada,89388
2012-10,Chile,152
2012-10,China,1104
2012-10,Colombia,185
2012-10,Costa Rica,139
2012-10,Croatia,77
2012-10,Cyprus,31
2012-10,Czech Republic,151
2012-10,Denmark,687
2012-10,Dominican Republic,45
2012-10,Ecuador,48
2012-10,Egypt,39
2012-10,El Salvador,27
2012-10,Estonia,32
2012-10,Finland,504
2012-10,France,1537
2012-10,Georgia,38
2012-10,Germany,3973
2012-10,Greece,307
2012-10,Guam,28
2012-10,Guatemala,38
2012-10,Hong Kong,337
2012-10,Hungary,125
2012-10,Iceland,126
2012-10,India,598
2012-10,Indonesia,149
2012-10,Ireland,1157
2012-10,Israel,242
2012-10,Italy,872
2012-10,Japan,421
2012-10,Kenya,57
2012-10,Lithuania,36
2012-10,Luxembourg,43
2012-10,Malaysia,382
2012-10,Malta,72
2012-10,Mexico,932
2012-10,Netherlands,1862
2012-10,New Zealand,1692
2012-10,Nicaragua,30
2012-10,Nigeria,33
2012-10,Norway,890
2012-10,Pakistan,81
2012-10,Panama,42
2012-10,Peru,116
2012-10,Philippines,424
2012-10,Poland,279
2012-10,Portugal,322
2012-10,Puerto Rico,162
2012-10,Romania,111
2012-10,Russia,227
2012-10,Serbia,49
2012-10,Singapore,391
2012-10,Slovakia,36
2012-10,Slovenia,103
2012-10,South Africa,473
2012-10,South Korea,97
2012-10,Spain,1355
2012-10,Sri Lanka,46
2012-10,Sweden,1885
2012-10,Switzerland,817
2012-10,Taiwan,233
2012-10,Thailand,193
2012-10,Trinidad and Tobago,53
2012-10,Turkey,151
2012-10,Uganda,42
2012-10,Ukraine,46
2012-10,United Arab Emirates,85
2012-10,United Kingdom,16913
2012-10,United States,638983
2012-10,Uruguay,78
2012-10,US Virgin Islands,133
2012-10,Venezuela,60
2012-10,Vietnam,32
2012-10,Virgin Islands,98
2012-11,Afghanistan,33
2012-11,Argentina,491
2012-11,Australia,35719
2012-11,Austria,501
2012-11,Bangladesh,40
2012-11,Belgium,854
2012-11,Bermuda,27
2012-11,Brazil,581
2012-11,Bulgaria,69
2012-11,Cambodia,42
2012-11,Canada,106327
2012-11,Chile,163
2012-11,China,1098
2012-11,Colombia,184
2012-11,Costa Rica,143
2012-11,Croatia,83
2012-11,Cyprus,31
2012-11,Czech Republic,153
2012-11,Denmark,694
2012-11,Dominican Republic,47
2012-11,Ecuador,49
2012-11,Egypt,40
2012-11,El Salvador,27
2012-11,Estonia,34
2012-11,Finland,513
2012-11,France,1553
2012-11,Georgia,37
2012-11,Germany,4043
2012-11,Greece,315
2012-11,Guam,29
2012-11,Guatemala,39
2012-11,Hong Kong,346
2012-11,Hungary,123
2012-11,Iceland,128
2012-11,India,614
2012-11,Indonesia,149
2012-11,Ireland,1164
2012-11,Israel,243
2012-11,Italy,884
2012-11,Japan,430
2012-11,Kenya,55
2012-11,Lithuania,36
2012-11,Luxembourg,42
2012-11,Malaysia,385
2012-11,Malta,71
2012-11,Mexico,958
2012-11,Nepal,27
2012-11,Netherlands,1908
2012-11,New Zealand,1717
2012-11,Nicaragua,31
2012-11,Nigeria,35
2012-11,Norway,920
2012-11,Pakistan,84
2012-11,Panama,47
2012-11,Peru,117
2012-11,Philippines,427
2012-11,Poland,295
2012-11,Portugal,334
2012-11,Puerto Rico,175
2012-11,Romania,114
2012-11,Russia,226
2012-11,Samoa,27
2012-11,Serbia,50
2012-11,Singapore,398
2012-11,Slovakia,40
2012-11,Slovenia,217
2012-11,South Africa,491
2012-11,South Korea,99
2012-11,Spain,1372
2012-11,Sri Lanka,49
2012-11,Sweden,1899
2012-11,Switzerland,827
2012-11,Taiwan,238
2012-11,Thailand,197
2012-11,Trinidad and Tobago,50
2012-11,Turkey,150
2012-11,Uganda,43
2012-11,Ukraine,44
2012-11,United Arab Emirates,87
2012-11,United Kingdom,17214
2012-11,United States,632572
2012-11,Uruguay,77
2012-11,US Virgin Islands,133
2012-11,Venezuela,61
2012-11,Vietnam,33
2012-11,Virgin Islands,101
2012-12,Afghanistan,34
2012-12,Argentina,495
2012-12,Australia,36468
2012-12,Austria,503
2012-12,Bangladesh,47
2012-12,Belgium,902
2012-12,Bermuda,27
2012-12,Brazil,603
2012-12,Bulgaria,69
2012-12,Cambodia,41
2012-12,Canada,118594
2012-12,Chile,165
2012-12,China,1093
2012-12,Colombia,187
2012-12,Costa Rica,146
2012-12,Croatia,85
2012-12,Cyprus,32
2012-12,Czech Republic,156
2012-12,Denmark,704
2012-12,Dominican Republic,47
2012-12,Ecuador,51
2012-12,Egypt,41
2012-12,El Salvador,26
2012-12,Estonia,34
2012-12,Finland,511
2012-12,France,1605
2012-12,Georgia,39
2012-12,Germany,4106
2012-12,Greece,351
2012-12,Guam,32
2012-12,Guatemala,41
2012-12,Hong Kong,355
2012-12,Hungary,125
2012-12,Iceland,134
2012-12,India,634
2012-12,Indonesia,153
2012-12,Ireland,1214
2012-12,Israel,264
2012-12,Italy,933
2012-12,Japan,451
2012-12,Jordan,27
2012-12,Kenya,65
2012-12,Latvia,28
2012-12,Lithuania,37
2012-12,Luxembourg,43
2012-12,Malaysia,390
2012-12,Malta,74
2012-12,Mexico,988
2012-12,Nepal,28
2012-12,Netherlands,2020
2012-12,New Zealand,1783
2012-12,Nicaragua,31
2012-12,Nigeria,36
2012-12,Norway,925
2012-12,Pakistan,85
2012-12,Panama,49
2012-12,Peru,118
2012-12,Philippines,431
2012-12,Poland,299
2012-12,Portugal,344
2012-12,Puerto Rico,201
2012-12,Romania,119
2012-12,Russia,224
2012-12,Samoa,27
2012-12,Serbia,52
2012-12,Singapore,399
2012-12,Slovakia,43
2012-12,Slovenia,219
2012-12,South Africa,537
2012-12,South Korea,105
2012-12,Spain,1410
2012-12,Sri Lanka,53
2012-12,Sweden,1905
2012-12,Switzerland,854
2012-12,Taiwan,252
2012-12,Thailand,208
2012-12,Trinidad and Tobago,55
2012-12,Turkey,154
2012-12,Uganda,64
2012-12,Ukraine,48
2012-12,United Arab Emirates,90
2012-12,United Kingdom,17848
2012-12,United States,643773
2012-12,Uruguay,78
2012-12,US Virgin Islands,131
2012-12,Venezuela,66
2012-12,Vietnam,32
2012-12,Virgin Islands,109
2013-01,Afghanistan,34
2013-01,Argentina,499
2013-01,Australia,37972
2013-01,Austria,516
2013-01,Bangladesh,48
2013-01,Belgium,938
2013-01,Bermuda,28
2013-01,Brazil,615
2013-01,Bulgaria,71
2013-01,Cambodia,41
2013-01,Canada,119506
2013-01,Chile,167
2013-01,China,1070
2013-01,Colombia,198
2013-01,Costa Rica,148
2013-01,Croatia,84
2013-01,Cyprus,32
2013-01,Czech Republic,179
2013-01,Denmark,713
2013-01,Dominican Republic,48
2013-01,Ecuador,53
2013-01,Egypt,42
2013-01,El Salvador,28
2013-01,Estonia,34
2013-01,Finland,518
2013-01,France,1660
2013-01,Georgia,37
2013-01,Germany,4147
2013-01,Greece,354
2013-01,Guam,32
2013-01,Guatemala,43
2013-01,Hong Kong,354
2013-01,Hungary,123
2013-01,Iceland,138
2013-01,India,647
2013-01,Indonesia,155
2013-01,Ireland,1243
2013-01,Israel,267
2013-01,Italy,969
2013-01,Jamaica,28
2013-01,Japan,456
2013-01,Jordan,29
2013-01,Kenya,64
2013-01,Latvia,29
2013-01,Lithuania,37
2013-01,Luxembourg,45
2013-01,Malaysia,388
2013-01,Malta,77
2013-01,Mexico,1016
2013-01,Nepal,30
2013-01,Netherlands,2095
2013-01,New Zealand,1845
2013-01,Nicaragua,31
2013-01,Nigeria,36
2013-01,Norway,949
2013-01,Pakistan,88
2013-01,Panama,50
2013-01,Peru,117
2013-01,Philippines,430
2013-01,Poland,353
2013-01,Portugal,361
2013-01,Puerto Rico,209
2013-01,Romania,121
2013-01,Russia,225
2013-01,Samoa,27
2013-01,Saudi Arabia,26
2013-01,Serbia,55
2013-01,Singapore,400
2013-01,Slovakia,49
2013-01,Slovenia,227
2013-01,South Africa,543
2013-01,South Korea,105
2013-01,Spain,1446
2013-01,Sri Lanka,57
2013-01,Sweden,1950
2013-01,Switzerland,873
2013-01,Taiwan,255
2013-01,Thailand,213
2013-01,Trinidad and Tobago,54
2013-01,Turkey,159
2013-01,Uganda,63
2013-01,Ukraine,48
2013-01,United Arab Emirates,90
2013-01,United Kingdom,18444
2013-01,United States,653797
2013-01,Uruguay,79
2013-01,US Virgin Islands,129
2013-01,Venezuela,67
2013-01,Vietnam,33
2013-01,Virgin Islands,118
2013-02,Afghanistan,35
2013-02,Argentina,509
2013-02,Australia,40451
2013-02,Austria,540
2013-02,Bangladesh,50
2013-02,Belgium,1010
2013-02,Bermuda,31
2013-02,Brazil,631
2013-02,Bulgaria,77
2013-02,Cambodia,42
2013-02,Canada,122974
2013-02,Chile,172
2013-02,China,1072
2013-02,Colombia,207
2013-02,Costa Rica,156
2013-02,Croatia,89
2013-02,Cyprus,55
2013-02,Czech Republic,180
2013-02,Denmark,765
2013-02,Dominican Republic,47
2013-02,Ecuador,54
2013-02,Egypt,44
2013-02,El Salvador,29
2013-02,Estonia,42
2013-02,Finland,630
2013-02,France,1805
2013-02,Georgia,40
2013-02,Germany,4368
2013-02,Greece,387
2013-02,Guam,33
2013-02,Guatemala,45
2013-02,Hong Kong,357
2013-02,Hungary,130
2013-02,Iceland,143
2013-02,India,675
2013-02,Indonesia,162
2013-02,Ireland,1377
2013-02,Israel,289
2013-02,Italy,1019
2013-02,Jamaica,29
2013-02,Japan,474
2013-02,Jordan,29
2013-02,Kenya,65
2013-02,Latvia,33
2013-02,Lithuania,42
2013-02,Luxembourg,46
2013-02,Malaysia,394
2013-02,Malta,79
2013-02,Mexico,1039
2013-02,Nepal,32
2013-02,Netherlands,2270
2013-02,New Zealand,2065
2013-02,Nicaragua,32
2013-02,Nigeria,36
2013-02,Norway,978
2013-02,Pakistan,90
2013-02,Panama,52
2013-02,Peru,117
2013-02,Philippines,437
2013-02,Poland,542
2013-02,Portugal,395
2013-02,Puerto Rico,223
2013-02,Romania,131
2013-02,Russia,230
2013-02,Samoa,26
2013-02,Serbia,66
2013-02,Singapore,408
2013-02,Slovakia,49
2013-02,Slovenia,228
2013-02,South Africa,620
2013-02,South Korea,110
2013-02,Spain,1505
2013-02,Sri Lanka,57
2013-02,Sweden,2016
2013-02,Switzerland,919
2013-02,Taiwan,256
2013-02,Thailand,221
2013-02,Trinidad and Tobago,54
2013-02,Turkey,171
2013-02,Uganda,63
2013-02,Ukraine,51
2013-02,United Arab Emirates,95
2013-02,United Kingdom,21368
2013-02,United States,657144
2013-02,Uruguay,80
2013-02,US Virgin Islands,126
2013-02,Venezuela,68
2013-02,Vietnam,34
2013-02,Virgin Islands,126
2013-03,Afghanistan,39
2013-03,Argentina,532
2013-03,Australia,43731
2013-03,Austria,653
2013-03,Bangladesh,53
2013-03,Belgium,1223
2013-03,Bermuda,38
2013-03,Bosnia and Herzegovina,27
2013-03,Brazil,717
2013-03,Bulgaria,89
2013-03,Cambodia,51
2013-03,Canada,125325
2013-03,Chile,190
2013-03,China,1083
2013-03,Colombia,226
2013-03,Costa Rica,163
2013-03,Croatia,103
2013-03,Cyprus,83
2013-03,Czech Republic,208
2013-03,Denmark,886
2013-03,Dominican Republic,54
2013-03,Ecuador,69
2013-03,Egypt,52
2013-03,El Salvador,31
2013-03,Estonia,57
2013-03,Finland,799
2013-03,France,2398
2013-03,Georgia,41
2013-03,Germany,5147
2013-03,Greece,465
2013-03,Guam,33
2013-03,Guatemala,51
2013-03,Honduras,26
2013-03,Hong Kong,415
2013-03,Hungary,147
2013-03,Iceland,156
2013-03,India,761
2013-03,Indonesia,175
2013-03,Ireland,2693
2013-03,Israel,320
2013-03,Italy,1234
2013-03,Jamaica,28
2013-03,Japan,552
2013-03,Jordan,30
2013-03,Kenya,68
2013-03,Latvia,38
2013-03,Lithuania,49
2013-03,Luxembourg,71
2013-03,Malaysia,432
2013-03,Malta,116
2013-03,Mexico,1106
2013-03,Morocco,27
2013-03,Nepal,35
2013-03,Netherlands,2885
2013-03,New Zealand,2642
2013-03,Nicaragua,34
2013-03,Nigeria,39
2013-03,Norway,1197
2013-03,Pakistan,98
2013-03,Panama,54
2013-03,Peru,126
2013-03,Philippines,472
2013-03,Poland,594
2013-03,Portugal,468
2013-03,Puerto Rico,244
2013-03,Qatar,33
2013-03,Romania,192
2013-03,Russia,249
2013-03,Samoa,30
2013-03,Saudi Arabia,29
2013-03,Serbia,74
2013-03,Singapore,471
2013-03,Slovakia,52
2013-03,Slovenia,236
2013-03,South Africa,769
2013-03,South Korea,122
2013-03,Spain,2009
2013-03,Sri Lanka,68
2013-03,Sweden,2374
2013-03,Switzerland,1051
2013-03,Taiwan,270
2013-03,Thailand,284
2013-03,Trinidad and Tobago,55
2013-03,Turkey,215
2013-03,Uganda,63
2013-03,Ukraine,60
2013-03,United Arab Emirates,147
2013-03,United Kingdom,109544
2013-03,United States,686315
2013-03,Uruguay,81
2013-03,US Virgin Islands,125
2013-03,Venezuela,79
2013-03,Vietnam,44
2013-03,Virgin Islands,136
2013-04,Afghanistan,42
2013-04,Albania,29
2013-04,Argentina,626
2013-04,Armenia,28
2013-04,Australia,49522
2013-04,Austria,999
2013-04,Bahrain,32
2013-04,Bangladesh,112
2013-04,Barbados,29
2013-04,Belgium,2031
2013-04,Belize,26
2013-04,Bermuda,63
2013-04,Bolivia,39
2013-04,Bosnia and Herzegovina,46
2013-04,Brazil,908
2013-04,Bulgaria,285
2013-04,Cambodia,54
2013-04,Canada,131339
2013-04,Chile,265
2013-04,China,1072
2013-04,Colombia,289
2013-04,Costa Rica,214
2013-04,Croatia,268
2013-04,Cyprus,129
2013-04,Czech Republic,634
2013-04,Denmark,1646
2013-04,Dominican Republic,61
2013-04,Ecuador,98
2013-04,Egypt,80
2013-04,El Salvador,43
2013-04,Estonia,474
2013-04,Finland,1694
2013-04,France,3353
2013-04,Georgia,42
2013-04,Germany,7008
2013-04,Ghana,37
2013-04,Gibraltar,29
2013-04,Greece,661
2013-04,Guam,33
2013-04,Guatemala,58
2013-04,Honduras,28
2013-04,Hong Kong,454
2013-04,Hungary,198
2013-04,Iceland,234
2013-04,India,1069
2013-04,Indonesia,221
2013-04,Iran,28
2013-04,Ireland,3782
2013-04,Israel,448
2013-04,Italy,1611
2013-04,Jamaica,53
2013-04,Japan,655
2013-04,Jordan,36
2013-04,Kenya,84
2013-04,Kuwait,29
2013-04,Latvia,67
2013-04,Lebanon,47
2013-04,Lithuania,81
2013-04,Luxembourg,138
2013-04,Macedonia,52
2013-04,Malaysia,526
2013-04,Malta,156
2013-04,Mexico,1328
2013-04,Morocco,36
2013-04,Nepal,44
2013-04,Netherlands,4676
2013-04,New Zealand,3930
2013-04,Nicaragua,44
2013-04,Nigeria,51
2013-04,Norway,1715
2013-04,Pakistan,143
2013-04,Panama,64
2013-04,Peru,147
2013-04,Philippines,559
2013-04,Poland,1178
2013-04,Portugal,905
2013-04,Puerto Rico,313
2013-04,Qatar,37
2013-04,Romania,324
2013-04,Russia,287
2013-04,Samoa,32
2013-04,Saudi Arabia,44
2013-04,Serbia,125
2013-04,Singapore,531
2013-04,Slovakia,332
2013-04,Slovenia,597
2013-04,South Africa,1310
2013-04,South Korea,134
2013-04,Spain,2818
2013-04,Sri Lanka,92
2013-04,Sweden,3180
2013-04,Switzerland,1484
2013-04,Taiwan,283
2013-04,Thailand,355
2013-04,Trinidad and Tobago,75
2013-04,Turkey,332
2013-04,Uganda,63
2013-04,Ukraine,68
2013-04,United Arab Emirates,198
2013-04,United Kingdom,127815
2013-04,United States,705245
2013-04,Uruguay,99
2013-04,US Virgin Islands,118
2013-04,Venezuela,91
2013-04,Vietnam,49
2013-04,Virgin Islands,147
2013-05,Afghanistan,42
2013-05,Albania,35
2013-05,Argentina,652
2013-05,Armenia,32
2013-05,Aruba,30
2013-05,Australia,54059
2013-05,Austria,1106
2013-05,Azerbaijan,28
2013-05,Bahamas,32
2013-05,Bahrain,32
2013-05,Bangladesh,118
2013-05,Barbados,31
2013-05,Belgium,2311
2013-05,Belize,29
2013-05,Bermuda,66
2013-05,Bolivia,41
2013-05,Bosnia and Herzegovina,49
2013-05,Brazil,965
2013-05,Bulgaria,292
2013-05,Cambodia,64
2013-05,Canada,172954
2013-05,Chile,275
2013-05,China,1057
2013-05,Colombia,304
2013-05,Costa Rica,225
2013-05,Croatia,329
2013-05,Cyprus,135
2013-05,Czech Republic,689
2013-05,Denmark,1720
2013-05,Dominican Republic,65
2013-05,Ecuador,103
2013-05,Egypt,83
2013-05,El Salvador,46
2013-05,Estonia,484
2013-05,Finland,1729
2013-05,France,3559
2013-05,French Polynesia,26
2013-05,Georgia,45
2013-05,Germany,7373
2013-05,Ghana,46
2013-05,Gibraltar,33
2013-05,Greece,704
2013-05,Guam,38
2013-05,Guatemala,61
2013-05,Honduras,32
2013-05,Hong Kong,477
2013-05,Hungary,206
2013-05,Iceland,297
2013-05,India,1247
2013-05,Indonesia,226
2013-05,Iran,34
2013-05,Ireland,3935
2013-05,Israel,449
2013-05,Italy,1728
2013-05,Jamaica,56
2013-05,Japan,674
2013-05,Jordan,39
2013-05,Kenya,90
2013-05,Kuwait,32
2013-05,Latvia,74
2013-05,Lebanon,55
2013-05,Lithuania,95
2013-05,Luxembourg,144
2013-05,Macedonia,66
2013-05,Malaysia,550
2013-05,Malta,173
2013-05,Mexico,1427
2013-05,Morocco,40
2013-05,Nepal,47
2013-05,Netherlands,5116
2013-05,New Zealand,4574
2013-05,Nicaragua,55
2013-05,Nigeria,60
2013-05,Norway,2248
2013-05,Oman,28
2013-05,Pakistan,153
2013-05,Panama,72
2013-05,Peru,155
2013-05,Philippines,584
2013-05,Poland,1205
2013-05,Portugal,1028
2013-05,Puerto Rico,346
2013-05,Qatar,38
2013-05,Romania,358
2013-05,Russia,314
2013-05,Samoa,34
2013-05,Saudi Arabia,51
2013-05,Serbia,145
2013-05,Singapore,545
2013-05,Slovakia,385
2013-05,Slovenia,696
2013-05,South Africa,1388
2013-05,South Korea,142
2013-05,Spain,2997
2013-05,Sri Lanka,95
2013-05,Sweden,3508
2013-05,Switzerland,1610
2013-05,Taiwan,293
2013-05,Tanzania,26
2013-05,Thailand,362
2013-05,Trinidad and Tobago,83
2013-05,Tunisia,28
2013-05,Turkey,358
2013-05,Uganda,64
2013-05,Ukraine,77
2013-05,United Arab Emirates,208
2013-05,United Kingdom,128371
2013-05,United States,725354
2013-05,Uruguay,105
2013-05,US Virgin Islands,118
2013-05,Venezuela,106
2013-05,Vietnam,50
2013-05,Virgin Islands,159
2013-06,Afghanistan,42
2013-06,Albania,34
2013-06,Argentina,656
2013-06,Armenia,32
2013-06,Aruba,30
2013-06,Australia,55848
2013-06,Austria,1152
2013-06,Azerbaijan,29
2013-06,Bahamas,35
2013-06,Bahrain,34
2013-06,Bangladesh,122
2013-06,Barbados,33
2013-06,Belgium,2417
2013-06,Belize,28
2013-06,Bermuda,68
2013-06,Bolivia,42
2013-06,Bosnia and Herzegovina,52
2013-06,Brazil,974
2013-06,Bulgaria,302
2013-06,Cambodia,70
2013-06,Canada,180674
2013-06,Central African Republic,28
2013-06,Chile,276
2013-06,China,1055
2013-06,Colombia,315
2013-06,Costa Rica,230
2013-06,Croatia,341
2013-06,Cyprus,141
2013-06,Czech Republic,697
2013-06,Denmark,1745
2013-06,Dominican Republic,69
2013-06,Ecuador,108
2013-06,Egypt,86
2013-06,El Salvador,47
2013-06,Estonia,477
2013-06,Finland,1816
2013-06,France,3644
2013-06,French Polynesia,27
2013-06,Georgia,43
2013-06,Germany,7562
2013-06,Ghana,46
2013-06,Gibraltar,35
2013-06,Greece,747
2013-06,Guam,40
2013-06,Guatemala,63
2013-06,Honduras,32
2013-06,Hong Kong,490
2013-06,Hungary,207
2013-06,Iceland,314
2013-06,India,1294
2013-06,Indonesia,230
2013-06,Iran,35
2013-06,Ireland,4027
2013-06,Israel,456
2013-06,Italy,1763
2013-06,Jamaica,66
2013-06,Japan,715
2013-06,Jordan,40
2013-06,Kenya,97
2013-06,Kuwait,34
2013-06,Latvia,79
2013-06,Lebanon,60
2013-06,Lithuania,93
2013-06,Luxembourg,145
2013-06,Macedonia,65
2013-06,Malaysia,809
2013-06,Malta,180
2013-06,Mexico,1448
2013-06,Morocco,45
2013-06,Nepal,48
2013-06,Netherlands,5247
2013-06,New Zealand,4661
2013-06,Nicaragua,58
2013-06,Nigeria,64
2013-06,Norway,2294
2013-06,Oman,28
2013-06,Pakistan,152
2013-06,Panama,74
2013-06,Peru,164
2013-06,Philippines,587
2013-06,Poland,1292
2013-06,Portugal,1155
2013-06,Puerto Rico,368
2013-06,Qatar,41
2013-06,Romania,365
2013-06,Russia,318
2013-06,Samoa,34
2013-06,Saudi Arabia,54
2013-06,Serbia,152
2013-06,Singapore,541
2013-06,Slovakia,388
2013-06,Slovenia,706
2013-06,South Africa,1426
2013-06,South Korea,145
2013-06,Spain,3112
2013-06,Sri Lanka,95
2013-06,Sweden,3583
2013-06,Switzerland,1666
2013-06,Taiwan,303
2013-06,Tanzania,34
2013-06,Thailand,376
2013-06,Trinidad and Tobago,86
2013-06,Tunisia,31
2013-06,Turkey,369
2013-06,Uganda,66
2013-06,Ukraine,76
2013-06,United Arab Emirates,213
2013-06,United Kingdom,128451
2013-06,United States,726444
2013-06,Uruguay,109
2013-06,US Virgin Islands,119
2013-06,Venezuela,108
2013-06,Vietnam,54
2013-06,Virgin Islands,159
2013-06,Zimbabwe,28
2013-07,Afghanistan,44
2013-07,Albania,39
2013-07,Argentina,658
2013-07,Armenia,34
2013-07,Aruba,30
2013-07,Australia,56952
2013-07,Austria,1166
2013-07,Azerbaijan,31
2013-07,Bahamas,36
2013-07,Bahrain,35
2013-07,Bangladesh,124
2013-07,Barbados,37
2013-07,Belgium,2460
2013-07,Belize,28
2013-07,Bermuda,72
2013-07,Bolivia,43
2013-07,Bosnia and Herzegovina,55
2013-07,Brazil,996
2013-07,Bulgaria,305
2013-07,Cambodia,71
2013-07,Canada,180176
2013-07,Central African Republic,29
2013-07,Chile,280
2013-07,China,1049
2013-07,Colombia,323
2013-07,Costa Rica,235
2013-07,Croatia,340
2013-07,Cyprus,143
2013-07,Czech Republic,687
2013-07,Denmark,1766
2013-07,Dominican Republic,72
2013-07,Ecuador,113
2013-07,Egypt,89
2013-07,El Salvador,47
2013-07,Estonia,484
2013-07,Fiji,26
2013-07,Finland,1815
2013-07,France,3760
2013-07,French Polynesia,27
2013-07,Georgia,45
2013-07,Germany,7696
2013-07,Ghana,46
2013-07,Gibraltar,37
2013-07,Greece,764
2013-07,Guam,40
2013-07,Guatemala,64
2013-07,Honduras,34
2013-07,Hong Kong,495
2013-07,Hungary,211
2013-07,Iceland,311
2013-07,India,1323
2013-07,Indonesia,266
2013-07,Iran,39
2013-07,Ireland,4089
2013-07,Israel,453
2013-07,Italy,1779
2013-07,Jamaica,71
2013-07,Japan,717
2013-07,Jordan,44
2013-07,Kazakhstan,28
2013-07,Kenya,100
2013-07,Kuwait,36
2013-07,Latvia,79
2013-07,Lebanon,65
2013-07,Lithuania,95
2013-07,Luxembourg,146
2013-07,Macau,28
2013-07,Macedonia,74
2013-07,Malaysia,841
2013-07,Malta,189
2013-07,Mauritius,26
2013-07,Mexico,1463
2013-07,Morocco,49
2013-07,Namibia,29
2013-07,Nepal,48
2013-07,Netherlands,5324
2013-07,New Zealand,4771
2013-07,Nicaragua,59
2013-07,Nigeria,66
2013-07,Norway,2306
2013-07,Oman,30
2013-07,Pakistan,156
2013-07,Panama,76
2013-07,Peru,163
2013-07,Philippines,595
2013-07,Poland,1317
2013-07,Portugal,1183
2013-07,Puerto Rico,383
2013-07,Qatar,43
2013-07,Romania,371
2013-07,Russia,318
2013-07,Samoa,36
2013-07,Saudi Arabia,55
2013-07,Serbia,159
2013-07,Singapore,555
2013-07,Slovakia,383
2013-07,Slovenia,692
2013-07,South Africa,1434
2013-07,South Korea,151
2013-07,Spain,3181
2013-07,Sri Lanka,98
2013-07,Sweden,3672
2013-07,Switzerland,1691
2013-07,Taiwan,303
2013-07,Tanzania,34
2013-07,Thailand,393
2013-07,Trinidad and Tobago,87
2013-07,Tunisia,34
2013-07,Turkey,380
2013-07,Uganda,67
2013-07,Ukraine,79
2013-07,United Arab Emirates,214
2013-07,United Kingdom,132349
2013-07,United States,725135
2013-07,Uruguay,110
2013-07,US Virgin Islands,122
2013-07,Venezuela,112
2013-07,Vietnam,57
2013-07,Virgin Islands,158
2013-07,Zimbabwe,32
2013-08,Afghanistan,47
2013-08,Albania,40
2013-08,Algeria,26
2013-08,American Samoa,28
2013-08,Andorra,28
2013-08,Argentina,673
2013-08,Armenia,36
2013-08,Aruba,34
2013-08,Australia,57540
2013-08,Austria,1216
2013-08,Azerbaijan,35
2013-08,Bahamas,44
2013-08,Bahrain,39
2013-08,Bangladesh,128
2013-08,Barbados,43
2013-08,Belgium,2639
2013-08,Belize,30
2013-08,Bermuda,81
2013-08,Bolivia,46
2013-08,Bosnia and Herzegovina,59
2013-08,Botswana,28
2013-08,Brazil,1068
2013-08,Bulgaria,318
2013-08,Cambodia,77
2013-08,Cameroon,28
2013-08,Canada,181358
2013-08,Cape Verde,28
2013-08,Cayman Islands,30
2013-08,Central African Republic,35
2013-08,Chile,292
2013-08,China,1024
2013-08,Colombia,325
2013-08,Congo,26
2013-08,Costa Rica,245
2013-08,Croatia,371
2013-08,Cyprus,200
2013-08,Czech Republic,700
2013-08,Denmark,1856
2013-08,Dominican Republic,78
2013-08,Ecuador,119
2013-08,Egypt,98
2013-08,El Salvador,50
2013-08,Estonia,497
2013-08,Ethiopia,28
2013-08,Fiji,31
2013-08,Finland,1863
2013-08,France,4348
2013-08,French Polynesia,31
2013-08,Georgia,47
2013-08,Germany,8102
2013-08,Ghana,50
2013-08,Gibraltar,49
2013-08,Greece,1275
2013-08,Guam,41
2013-08,Guatemala,71
2013-08,Honduras,38
2013-08,Hong Kong,509
2013-08,Hungary,224
2013-08,Iceland,331
2013-08,India,1355
2013-08,Indonesia,278
2013-08,Iran,42
2013-08,Ireland,4671
2013-08,Israel,468
2013-08,Italy,1895
2013-08,Jamaica,76
2013-08,Japan,741
2013-08,Jordan,47
2013-08,Kazakhstan,29
2013-08,Kenya,107
2013-08,Kuwait,38
2013-08,Latvia,89
2013-08,Lebanon,70
2013-08,Lithuania,103
2013-08,Luxembourg,163
2013-08,Macau,31
2013-08,Macedonia,98
2013-08,Malaysia,866
2013-08,Malta,221
2013-08,Mauritius,27
2013-08,Mexico,1494
2013-08,Morocco,52
2013-08,Namibia,35
2013-08,Nepal,54
2013-08,Netherlands,5760
2013-08,Netherlands Antilles,30
2013-08,New Zealand,5004
2013-08,Nicaragua,61
2013-08,Nigeria,68
2013-08,Northern Mariana Islands,26
2013-08,Norway,2455
2013-08,Oman,34
2013-08,Pakistan,173
2013-08,Panama,84
2013-08,Paraguay,29
2013-08,Peru,168
2013-08,Philippines,605
2013-08,Poland,1354
2013-08,Portugal,1271
2013-08,Puerto Rico,417
2013-08,Qatar,44
2013-08,Romania,393
2013-08,Russia,331
2013-08,Samoa,42
2013-08,Saudi Arabia,59
2013-08,Serbia,166
2013-08,Singapore,571
2013-08,Slovakia,402
2013-08,Slovenia,726
2013-08,South Africa,1496
2013-08,South Korea,153
2013-08,Spain,3416
2013-08,Sri Lanka,106
2013-08,Sweden,3892
2013-08,Switzerland,1894
2013-08,Taiwan,308
2013-08,Tanzania,36
2013-08,Thailand,402
2013-08,Trinidad and Tobago,95
2013-08,Tunisia,38
2013-08,Turkey,396
2013-08,Uganda,72
2013-08,Ukraine,85
2013-08,United Arab Emirates,232
2013-08,United Kingdom,144832
2013-08,United States,738646
2013-08,Uruguay,119
2013-08,US Virgin Islands,122
2013-08,Vanuatu,27
2013-08,Venezuela,122
2013-08,Vietnam,65
2013-08,Virgin Islands,171
2013-08,Zambia,27
2013-08,Zimbabwe,40
2013-09,Afghanistan,56
2013-09,Albania,45
2013-09,Algeria,30
2013-09,American Samoa,31
2013-09,Andorra,35
2013-09,Argentina,739
2013-09,Armenia,39
2013-09,Aruba,41
2013-09,Australia,82108
2013-09,Austria,1454
2013-09,Azerbaijan,37
2013-09,Bahamas,54
2013-09,Bahrain,51
2013-09,Bangladesh,142
2013-09,Barbados,48
2013-09,Belgium,3612
2013-09,Belize,35
2013-09,Bermuda,119
2013-09,Bolivia,56
2013-09,Bosnia and Herzegovina,70
2013-09,Botswana,30
2013-09,Brazil,1197
2013-09,Bulgaria,360
2013-09,Burkina Faso,30
2013-09,Cambodia,91
2013-09,Cameroon,30
2013-09,Canada,192632
2013-09,Cape Verde,31
2013-09,Cayman Islands,34
2013-09,Central African Republic,37
2013-09,Chile,332
2013-09,China,1037
2013-09,Colombia,374
2013-09,Congo,50
2013-09,Costa Rica,277
2013-09,Croatia,514
2013-09,Cyprus,279
2013-09,Czech Republic,757
2013-09,Denmark,3049
2013-09,Dominican Republic,86
2013-09,Ecuador,132
2013-09,Egypt,109
2013-09,El Salvador,55
2013-09,Estonia,547
2013-09,Ethiopia,32
2013-09,Faroe Islands,28
2013-09,Fiji,36
2013-09,Finland,2412
2013-09,France,5220
2013-09,French Polynesia,37
2013-09,Georgia,50
2013-09,Germany,9762
2013-09,Ghana,56
2013-09,Gibraltar,63
2013-09,Greece,1540
2013-09,Guam,49
2013-09,Guatemala,75
2013-09,Honduras,42
2013-09,Hong Kong,562
2013-09,Hungary,261
2013-09,Iceland,369
2013-09,India,1478
2013-09,Indonesia,317
2013-09,Iran,46
2013-09,Ireland,6080
2013-09,Israel,508
2013-09,Italy,2244
2013-09,Jamaica,90
2013-09,Japan,877
2013-09,Jordan,52
2013-09,Kazakhstan,31
2013-09,Kenya,127
2013-09,Kuwait,44
2013-09,Laos,28
2013-09,Latvia,101
2013-09,Lebanon,80
2013-09,Lesotho,33
2013-09,Lithuania,135
2013-09,Luxembourg,265
2013-09,Macau,37
2013-09,Macedonia,103
2013-09,Malaysia,904
2013-09,Maldives,26
2013-09,Malta,287
2013-09,Mauritius,38
2013-09,Mexico,1636
2013-09,Monaco,29
2013-09,Morocco,69
2013-09,Myanmar,29
2013-09,Namibia,46
2013-09,Nepal,58
2013-09,Netherlands,8161
2013-09,Netherlands Antilles,37
2013-09,New Zealand,6486
2013-09,Nicaragua,68
2013-09,Nigeria,74
2013-09,Northern Mariana Islands,32
2013-09,Norway,3340
2013-09,Oman,38
2013-09,Pakistan,194
2013-09,Panama,98
2013-09,Paraguay,31
2013-09,Peru,180
2013-09,Philippines,654
2013-09,Poland,1509
2013-09,Portugal,1523
2013-09,Puerto Rico,445
2013-09,Qatar,56
2013-09,Romania,451
2013-09,Russia,340
2013-09,Samoa,46
2013-09,Saudi Arabia,69
2013-09,Senegal,27
2013-09,Serbia,194
2013-09,Singapore,621
2013-09,Slovakia,430
2013-09,Slovenia,943
2013-09,South Africa,2018
2013-09,South Korea,168
2013-09,Spain,3989
2013-09,Sri Lanka,117
2013-09,St. Lucia,27
2013-09,Suriname,31
2013-09,Sweden,4881
2013-09,Switzerland,2262
2013-09,Taiwan,325
2013-09,Tanzania,40
2013-09,Thailand,448
2013-09,Trinidad and Tobago,133
2013-09,Tunisia,43
2013-09,Turkey,464
2013-09,Uganda,79
2013-09,Ukraine,95
2013-09,United Arab Emirates,272
2013-09,United Kingdom,165039
2013-09,United States,756220
2013-09,Uruguay,142
2013-09,US Virgin Islands,122
2013-09,Vanuatu,35
2013-09,Venezuela,133
2013-09,Vietnam,69
2013-09,Virgin Islands,187
2013-09,Zambia,33
2013-09,Zimbabwe,44
2013-10,Afghanistan,70
2013-10,Albania,62
2013-10,Algeria,43
2013-10,American Samoa,38
2013-10,Andorra,53
2013-10,Angola,30
2013-10,Anguilla,29
2013-10,Antigua and Barbuda,31
2013-10,Argentina,1132
2013-10,Armenia,49
2013-10,Aruba,67
2013-10,Australia,106240
2013-10,Austria,3176
2013-10,Azerbaijan,49
2013-10,Bahamas,92
2013-10,Bahrain,66
2013-10,Bangladesh,167
2013-10,Barbados,80
2013-10,Belarus,37
2013-10,Belgium,6312
2013-10,Belize,53
2013-10,Bermuda,173
2013-10,Bolivia,89
2013-10,Bosnia and Herzegovina,143
2013-10,Botswana,43
2013-10,Brazil,2124
2013-10,Brunei,33
2013-10,Bulgaria,555
2013-10,Burkina Faso,39
2013-10,Burundi,26
2013-10,Cambodia,119
2013-10,Cameroon,40
2013-10,Canada,224889
2013-10,Cape Verde,39
2013-10,Cayman Islands,50
2013-10,Central African Republic,41
2013-10,Chile,602
2013-10,China,1080
2013-10,Colombia,651
2013-10,Congo,69
2013-10,Cook Islands,26
2013-10,Costa Rica,481
2013-10,Cote d'Ivoire,27
2013-10,Croatia,955
2013-10,Cuba,28
2013-10,Cyprus,493
2013-10,Czech Republic,1058
2013-10,Denmark,4818
2013-10,Dominica,27
2013-10,Dominican Republic,123
2013-10,East Timor,30
2013-10,Ecuador,195
2013-10,Egypt,146
2013-10,El Salvador,78
2013-10,Estonia,662
2013-10,Ethiopia,45
2013-10,Falkland Islands,28
2013-10,Faroe Islands,34
2013-10,Fiji,44
2013-10,Finland,4239
2013-10,France,12806
2013-10,French Polynesia,57
2013-10,Gabon,30
2013-10,Gambia,26
2013-10,Georgia,117
2013-10,Germany,20574
2013-10,Ghana,84
2013-10,Gibraltar,98
2013-10,Greece,2780
2013-10,Greenland,27
2013-10,Grenada,27
2013-10,Guadeloupe,38
2013-10,Guam,64
2013-10,Guatemala,135
2013-10,Haiti,27
2013-10,Honduras,58
2013-10,Hong Kong,875
2013-10,Hungary,457
2013-10,Iceland,992
2013-10,India,2761
2013-10,Indonesia,478
2013-10,Iran,60
2013-10,Iraq,29
2013-10,Ireland,17216
2013-10,Israel,1140
2013-10,Italy,7694
2013-10,Jamaica,107
2013-10,Japan,1362
2013-10,Jordan,71
2013-10,Kazakhstan,37
2013-10,Kenya,205
2013-10,Kosovo,35
2013-10,Kuwait,63
2013-10,Laos,40
2013-10,Latvia,208
2013-10,Lebanon,113
2013-10,Lesotho,50
2013-10,Lithuania,210
2013-10,Luxembourg,497
2013-10,Macau,44
2013-10,Macedonia,164
2013-10,Madagascar,31
2013-10,Malawi,30
2013-10,Malaysia,1205
2013-10,Maldives,35
2013-10,Malta,652
2013-10,Mauritius,72
2013-10,Mexico,2672
2013-10,Moldova,33
2013-10,Monaco,43
2013-10,Montenegro,38
2013-10,Morocco,103
2013-10,Mozambique,41
2013-10,Myanmar,37
2013-10,Namibia,159
2013-10,Nepal,99
2013-10,Netherlands,18524
2013-10,Netherlands Antilles,86
2013-10,New Caledonia,50
2013-10,New Zealand,12589
2013-10,Nicaragua,84
2013-10,Nigeria,91
2013-10,Northern Mariana Islands,35
2013-10,Norway,5963
2013-10,Oman,51
2013-10,Pakistan,244
2013-10,Palestine,46
2013-10,Panama,146
2013-10,Paraguay,41
2013-10,Peru,263
2013-10,Philippines,999
2013-10,Poland,2182
2013-10,Portugal,3013
2013-10,Puerto Rico,660
2013-10,Qatar,90
2013-10,Reunion,67
2013-10,Romania,796
2013-10,Russia,600
2013-10,Samoa,54
2013-10,Saudi Arabia,92
2013-10,Senegal,43
2013-10,Serbia,436
2013-10,Seychelles,32
2013-10,Singapore,1011
2013-10,Slovakia,619
2013-10,Slovenia,1805
2013-10,South Africa,4624
2013-10,South Korea,256
2013-10,Spain,7399
2013-10,Sri Lanka,186
2013-10,St. Lucia,37
2013-10,St. Vincent and the Grenadines,27
2013-10,Suriname,46
2013-10,Swaziland,39
2013-10,Sweden,9568
2013-10,Switzerland,4817
2013-10,Taiwan,426
2013-10,Tanzania,69
2013-10,Thailand,737
2013-10,Togo,26
2013-10,Trinidad and Tobago,202
2013-10,Tunisia,53
2013-10,Turkey,793
2013-10,Turks and Caicos Islands,33
2013-10,Uganda,100
2013-10,Ukraine,131
2013-10,United Arab Emirates,460
2013-10,United Kingdom,257790
2013-10,United States,830375
2013-10,Uruguay,202
2013-10,US Virgin Islands,118
2013-10,Vanuatu,43
2013-10,Vatican,35
2013-10,Venezuela,209
2013-10,Vietnam,129
2013-10,Virgin Islands,218
2013-10,Western Sahara,28
2013-10,Zambia,50
2013-10,Zimbabwe,78
2013-11,Afghanistan,72
2013-11,Albania,95
2013-11,Algeria,57
2013-11,American Samoa,44
2013-11,Andorra,58
2013-11,Angola,44
2013-11,Anguilla,31
2013-11,Antigua and Barbuda,71
2013-11,Argentina,1783
2013-11,Armenia,61
2013-11,Aruba,163
2013-11,Australia,148061
2013-11,Austria,5401
2013-11,Azerbaijan,58
2013-11,Bahamas,116
2013-11,Bahrain,113
2013-11,Bangladesh,211
2013-11,Barbados,145
2013-11,Belarus,51
2013-11,Belgium,10273
2013-11,Belize,69
2013-11,Bermuda,221
2013-11,Bolivia,120
2013-11,Bosnia and Herzegovina,178
2013-11,Botswana,64
2013-11,Brazil,3577
2013-11,Brunei,56
2013-11,Bulgaria,979
2013-11,Burkina Faso,43
2013-11,Burundi,27
2013-11,Cambodia,178
2013-11,Cameroon,46
2013-11,Canada,258653
2013-11,Cape Verde,51
2013-11,Cayman Islands,88
2013-11,Central African Republic,42
2013-11,Chad,26
2013-11,Chile,885
2013-11,China,1155
2013-11,Colombia,967
2013-11,Congo,77
2013-11,Cook Islands,31
2013-11,Costa Rica,3149
2013-11,Cote d'Ivoire,34
2013-11,Croatia,1366
2013-11,Cuba,32
2013-11,Cyprus,739
2013-11,Czech Republic,1590
2013-11,Denmark,8456
2013-11,Djibouti,30
2013-11,Dominica,34
2013-11,Dominican Republic,162
2013-11,East Timor,34
2013-11,Ecuador,289
2013-11,Egypt,272
2013-11,El Salvador,99
2013-11,Estonia,903
2013-11,Ethiopia,55
2013-11,Falkland Islands,33
2013-11,Faroe Islands,54
2013-11,Fiji,58
2013-11,Finland,8130
2013-11,France,17724
2013-11,French Guiana,26
2013-11,French Polynesia,81
2013-11,Gabon,43
2013-11,Gambia,26
2013-11,Georgia,145
2013-11,Germany,31591
2013-11,Ghana,110
2013-11,Gibraltar,141
2013-11,Greece,3913
2013-11,Greenland,41
2013-11,Grenada,34
2013-11,Guadeloupe,54
2013-11,Guam,78
2013-11,Guatemala,216
2013-11,Guinea-Bissau,28
2013-11,Guyana,37
2013-11,Haiti,40
2013-11,Honduras,114
2013-11,Hong Kong,1422
2013-11,Hungary,790
2013-11,Iceland,1933
2013-11,India,3973
2013-11,Indonesia,829
2013-11,Iran,84
2013-11,Iraq,38
2013-11,Ireland,23718
2013-11,Israel,1596
2013-11,Italy,11808
2013-11,Jamaica,180
2013-11,Japan,1695
2013-11,Jordan,147
2013-11,Kazakhstan,57
2013-11,Kenya,324
2013-11,Kosovo,60
2013-11,Kuwait,113
2013-11,Laos,56
2013-11,Latvia,334
2013-11,Lebanon,234
2013-11,Lesotho,54
2013-11,Libya,31
2013-11,Lithuania,307
2013-11,Luxembourg,837
2013-11,Macau,67
2013-11,Macedonia,257
2013-11,Madagascar,44
2013-11,Malawi,42
2013-11,Malaysia,2137
2013-11,Maldives,40
2013-11,Malta,1189
2013-11,Martinique,29
2013-11,Mauritania,28
2013-11,Mauritius,124
2013-11,Mexico,3808
2013-11,Micronesia,28
2013-11,Moldova,39
2013-11,Monaco,75
2013-11,Mongolia,27
2013-11,Montenegro,43
2013-11,Morocco,161
2013-11,Mozambique,63
2013-11,Myanmar,47
2013-11,Namibia,187
2013-11,Nepal,130
2013-11,Netherlands,27335
2013-11,Netherlands Antilles,166
2013-11,New Caledonia,65
2013-11,New Zealand,19851
2013-11,Nicaragua,124
2013-11,Nigeria,124
2013-11,Northern Mariana Islands,38
2013-11,Norway,10407
2013-11,Oman,98
2013-11,Pakistan,1868
2013-11,Palestine,69
2013-11,Panama,211
2013-11,Papua New Guinea,32
2013-11,Paraguay,65
2013-11,Peru,518
2013-11,Philippines,1556
2013-11,Poland,3376
2013-11,Portugal,5747
2013-11,Puerto Rico,933
2013-11,Qatar,254
2013-11,Reunion,87
2013-11,Romania,2033
2013-11,Russia,760
2013-11,Russian Federation,410
2013-11,Rwanda,31
2013-11,Samoa,54
2013-11,Saudi Arabia,248
2013-11,Senegal,55
2013-11,Serbia,587
2013-11,Seychelles,37
2013-11,Singapore,1883
2013-11,Slovakia,830
2013-11,Slovenia,2479
2013-11,South Africa,7007
2013-11,South Korea,339
2013-11,South Sudan,30
2013-11,Spain,11573
2013-11,Sri Lanka,273
2013-11,St. Lucia,61
2013-11,St. Vincent and the Grenadines,31
2013-11,Sudan,26
2013-11,Suriname,93
2013-11,Swaziland,47
2013-11,Sweden,15508
2013-11,Switzerland,7058
2013-11,Syria,30
2013-11,Taiwan,578
2013-11,Tanzania,108
2013-11,Thailand,1217
2013-11,Togo,28
2013-11,Trinidad and Tobago,436
2013-11,Tunisia,90
2013-11,Turkey,1531
2013-11,Turks and Caicos Islands,43
2013-11,Uganda,136
2013-11,Ukraine,214
2013-11,United Arab Emirates,1128
2013-11,United Kingdom,425611
2013-11,United States,888697
2013-11,Uruguay,295
2013-11,US Virgin Islands,114
2013-11,Vanuatu,54
2013-11,Vatican,36
2013-11,Venezuela,314
2013-11,Vietnam,211
2013-11,Virgin Islands,249
2013-11,Western Sahara,33
2013-11,Yemen,27
2013-11,Zambia,74
2013-11,Zimbabwe,108
2013-12,Afghanistan,82
2013-12,Albania,108
2013-12,Algeria,66
2013-12,American Samoa,51
2013-12,Andorra,72
2013-12,Angola,47
2013-12,Anguilla,37
2013-12,Antigua and Barbuda,83
2013-12,Argentina,2251
2013-12,Armenia,75
2013-12,Aruba,247
2013-12,Australia,176690
2013-12,Austria,6596
2013-12,Azerbaijan,75
2013-12,Bahamas,170
2013-12,Bahrain,164
2013-12,Bangladesh,236
2013-12,Barbados,179
2013-12,Belarus,67
2013-12,Belgium,14870
2013-12,Belize,107
2013-12,Benin,27
2013-12,Bermuda,265
2013-12,Bhutan,26
2013-12,Bolivia,160
2013-12,Bosnia and Herzegovina,226
2013-12,Botswana,68
2013-12,Brazil,4487
2013-12,Brunei,77
2013-12,Bulgaria,1400
2013-12,Burkina Faso,43
2013-12,Burundi,30
2013-12,Cambodia,214
2013-12,Cameroon,55
2013-12,Canada,323734
2013-12,Cape Verde,56
2013-12,Cayman Islands,120
2013-12,Central African Republic,44
2013-12,Chad,30
2013-12,Chile,1109
2013-12,China,1204
2013-12,Colombia,1273
2013-12,Congo,78
2013-12,Cook Islands,34
2013-12,Costa Rica,5617
2013-12,Cote d'Ivoire,38
2013-12,Croatia,1802
2013-12,Cuba,37
2013-12,Cyprus,864
2013-12,Czech Republic,1908
2013-12,Denmark,10349
2013-12,Djibouti,33
2013-12,Dominica,41
2013-12,Dominican Republic,250
2013-12,East Timor,36
2013-12,Ecuador,396
2013-12,Egypt,346
2013-12,El Salvador,146
2013-12,Eritrea,29
2013-12,Estonia,1053
2013-12,Ethiopia,62
2013-12,Falkland Islands,33
2013-12,Faroe Islands,61
2013-12,Fiji,97
2013-12,Finland,9550
2013-12,France,20777
2013-12,French Guiana,30
2013-12,French Polynesia,94
2013-12,Gabon,49
2013-12,Gambia,27
2013-12,Georgia,177
2013-12,Germany,37153
2013-12,Ghana,130
2013-12,Gibraltar,191
2013-12,Greece,4532
2013-12,Greenland,58
2013-12,Grenada,40
2013-12,Guadeloupe,66
2013-12,Guam,121
2013-12,Guatemala,320
2013-12,Guinea-Bissau,31
2013-12,Guyana,51
2013-12,Haiti,52
2013-12,Honduras,197
2013-12,Hong Kong,1944
2013-12,Hungary,1121
2013-12,Iceland,2243
2013-12,India,4937
2013-12,Indonesia,1096
2013-12,Iran,118
2013-12,Iraq,50
2013-12,Ireland,28676
2013-12,Israel,2154
2013-12,Italy,13642
2013-12,Jamaica,218
2013-12,Japan,2132
2013-12,Jordan,198
2013-12,Kazakhstan,73
2013-12,Kenya,388
2013-12,Kosovo,67
2013-12,Kuwait,151
2013-12,Laos,68
2013-12,Latvia,402
2013-12,Lebanon,329
2013-12,Lesotho,56
2013-12,Liberia,27
2013-12,Libya,38
2013-12,Liechtenstein,31
2013-12,Lithuania,385
2013-12,Luxembourg,976
2013-12,Macau,88
2013-12,Macedonia,321
2013-12,Madagascar,50
2013-12,Malawi,46
2013-12,Malaysia,2855
2013-12,Maldives,59
2013-12,Malta,1592
2013-12,Marshall Islands,32
2013-12,Martinique,39
2013-12,Mauritania,29
2013-12,Mauritius,152
2013-12,Mexico,5355
2013-12,Micronesia,33
2013-12,Moldova,50
2013-12,Monaco,88
2013-12,Mongolia,36
2013-12,Montenegro,57
2013-12,Montserrat,26
2013-12,Morocco,192
2013-12,Mozambique,86
2013-12,Myanmar,57
2013-12,Namibia,202
2013-12,Nauru,28
2013-12,Nepal,156
2013-12,Netherlands,35201
2013-12,Netherlands Antilles,210
2013-12,New Caledonia,78
2013-12,New Zealand,23247
2013-12,Nicaragua,151
2013-12,Niger,27
2013-12,Nigeria,155
2013-12,Northern Mariana Islands,49
2013-12,Norway,12047
2013-12,Oman,124
2013-12,Pakistan,1929
2013-12,Palestine,74
2013-12,Panama,550
2013-12,Papua New Guinea,36
2013-12,Paraguay,95
2013-12,Peru,692
2013-12,Philippines,2347
2013-12,Poland,3930
2013-12,Portugal,6969
2013-12,Puerto Rico,1435
2013-12,Qatar,317
2013-12,Reunion,95
2013-12,Romania,2541
2013-12,Russia,907
2013-12,Russian Federation,400
2013-12,Rwanda,36
2013-12,Samoa,57
2013-12,Saudi Arabia,328
2013-12,Senegal,66
2013-12,Serbia,762
2013-12,Seychelles,46
2013-12,Singapore,3436
2013-12,Slovakia,963
2013-12,Slovenia,3021
2013-12,Solomon Islands,26
2013-12,South Africa,8327
2013-12,South Korea,411
2013-12,South Sudan,33
2013-12,Spain,14454
2013-12,Sri Lanka,332
2013-12,St. Kitts-Nevis,31
2013-12,St. Lucia,78
2013-12,St. Vincent and the Grenadines,35
2013-12,Sudan,31
2013-12,Suriname,120
2013-12,Swaziland,51
2013-12,Sweden,19055
2013-12,Switzerland,8660
2013-12,Syria,38
2013-12,Taiwan,917
2013-12,Tanzania,123
2013-12,Thailand,1509
2013-12,Togo,33
2013-12,Tonga,26
2013-12,Trinidad and Tobago,540
2013-12,Tunisia,104
2013-12,Turkey,1843
2013-12,Turkmenistan,26
2013-12,Turks and Caicos Islands,69
2013-12,Uganda,147
2013-12,Ukraine,277
2013-12,United Arab Emirates,1557
2013-12,United Kingdom,535138
2013-12,United States,1139296
2013-12,Uruguay,376
2013-12,US Virgin Islands,112
2013-12,Uzbekistan,28
2013-12,Vanuatu,67
2013-12,Vatican,38
2013-12,Venezuela,453
2013-12,Vietnam,263
2013-12,Virgin Islands,292
2013-12,Western Sahara,37
2013-12,Yemen,30
2013-12,Zambia,85
2013-12,Zimbabwe,116
2014-01,Afghanistan,84
2014-01,Albania,122
2014-01,Algeria,72
2014-01,American Samoa,55
2014-01,Andorra,79
2014-01,Angola,49
2014-01,Anguilla,38
2014-01,Antigua and Barbuda,108
2014-01,Argentina,2579
2014-01,Armenia,82
2014-01,Aruba,313
2014-01,Australia,235212
2014-01,Austria,7590
2014-01,Azerbaijan,87
2014-01,Bahamas,213
2014-01,Bahrain,186
2014-01,Bangladesh,256
2014-01,Barbados,192
2014-01,Belarus,74
2014-01,Belgium,17189
2014-01,Belize,117
2014-01,Benin,30
2014-01,Bermuda,305
2014-01,Bhutan,31
2014-01,Bolivia,176
2014-01,Bosnia and Herzegovina,256
2014-01,Botswana,80
2014-01,Brazil,5635
2014-01,Brunei,90
2014-01,Bulgaria,1587
2014-01,Burkina Faso,48
2014-01,Burundi,35
2014-01,Cambodia,236
2014-01,Cameroon,58
2014-01,Canada,359927
2014-01,Cape Verde,64
2014-01,Cayman Islands,171
2014-01,Central African Republic,47
2014-01,Chad,35
2014-01,Chile,1236
2014-01,China,1222
2014-01,Colombia,1445
2014-01,Congo,84
2014-01,Cook Islands,39
2014-01,Costa Rica,5674
2014-01,Cote d'Ivoire,40
2014-01,Croatia,2152
2014-01,Cuba,44
2014-01,Cyprus,1008
2014-01,Czech Republic,2908
2014-01,Denmark,12024
2014-01,Djibouti,35
2014-01,Dominica,48
2014-01,Dominican Republic,290
2014-01,East Timor,42
2014-01,Ecuador,438
2014-01,Egypt,394
2014-01,El Salvador,157
2014-01,Eritrea,33
2014-01,Estonia,1175
2014-01,Ethiopia,67
2014-01,Falkland Islands,37
2014-01,Faroe Islands,73
2014-01,Fiji,110
2014-01,Finland,11681
2014-01,France,23600
2014-01,French Guiana,37
2014-01,French Polynesia,108
2014-01,Gabon,51
2014-01,Gambia,29
2014-01,Georgia,188
2014-01,Germany,42204
2014-01,Ghana,142
2014-01,Gibraltar,216
2014-01,Greece,5007
2014-01,Greenland,64
2014-01,Grenada,47
2014-01,Guadeloupe,71
2014-01,Guam,134
2014-01,Guatemala,348
2014-01,Guinea,29
2014-01,Guinea-Bissau,36
2014-01,Guyana,56
2014-01,Haiti,64
2014-01,Honduras,217
2014-01,Hong Kong,2226
2014-01,Hungary,1302
2014-01,Iceland,2353
2014-01,India,5452
2014-01,Indonesia,1278
2014-01,Iran,144
2014-01,Iraq,60
2014-01,Ireland,31108
2014-01,Israel,2470
2014-01,Italy,14834
2014-01,Jamaica,256
2014-01,Japan,2452
2014-01,Jordan,210
2014-01,Kazakhstan,83
2014-01,Kenya,435
2014-01,Kosovo,76
2014-01,Kuwait,159
2014-01,Kyrgistan,28
2014-01,Laos,69
2014-01,Latvia,461
2014-01,Lebanon,383
2014-01,Lesotho,60
2014-01,Liberia,29
2014-01,Libya,41
2014-01,Liechtenstein,40
2014-01,Lithuania,429
2014-01,Luxembourg,1076
2014-01,Macau,96
2014-01,Macedonia,345
2014-01,Madagascar,57
2014-01,Malawi,51
2014-01,Malaysia,3114
2014-01,Maldives,72
2014-01,Mali,26
2014-01,Malta,1793
2014-01,Marshall Islands,35
2014-01,Martinique,46
2014-01,Mauritania,31
2014-01,Mauritius,177
2014-01,Mexico,6104
2014-01,Micronesia,36
2014-01,Moldova,57
2014-01,Monaco,118
2014-01,Mongolia,42
2014-01,Montenegro,72
2014-01,Montserrat,28
2014-01,Morocco,217
2014-01,Mozambique,94
2014-01,Myanmar,64
2014-01,Namibia,222
2014-01,Nauru,31
2014-01,Nepal,196
2014-01,Netherlands,41900
2014-01,Netherlands Antilles,283
2014-01,New Caledonia,85
2014-01,New Zealand,27844
2014-01,Nicaragua,163
2014-01,Niger,30
2014-01,Nigeria,172
2014-01,Northern Mariana Islands,50
2014-01,Norway,14646
2014-01,Oman,148
2014-01,Pakistan,1959
2014-01,Palestine,81
2014-01,Panama,615
2014-01,Papua New Guinea,45
2014-01,Paraguay,102
2014-01,Peru,823
2014-01,Philippines,2518
2014-01,Poland,4500
2014-01,Portugal,7758
2014-01,Puerto Rico,1626
2014-01,Qatar,352
2014-01,Reunion,105
2014-01,Romania,2725
2014-01,Russia,1169
2014-01,Russian Federation,377
2014-01,Rwanda,43
2014-01,Samoa,59
2014-01,San Marino,29
2014-01,Saudi Arabia,353
2014-01,Senegal,73
2014-01,Serbia,892
2014-01,Seychelles,51
2014-01,Singapore,3880
2014-01,Slovakia,1305
2014-01,Slovenia,3516
2014-01,Solomon Islands,28
2014-01,South Africa,9620
2014-01,South Korea,466
2014-01,South Sudan,34
2014-01,Spain,16078
2014-01,Sri Lanka,378
2014-01,St. Kitts-Nevis,39
2014-01,St. Lucia,87
2014-01,St. Vincent and the Grenadines,39
2014-01,Sudan,36
2014-01,Suriname,130
2014-01,Swaziland,55
2014-01,Sweden,23435
2014-01,Switzerland,10198
2014-01,Syria,45
2014-01,Taiwan,1013
2014-01,Tanzania,137
2014-01,Thailand,1719
2014-01,Togo,34
2014-01,Tonga,32
2014-01,Trinidad and Tobago,615
2014-01,Tunisia,117
2014-01,Turkey,2167
2014-01,Turkmenistan,28
2014-01,Turks and Caicos Islands,80
2014-01,Uganda,155
2014-01,Ukraine,322
2014-01,United Arab Emirates,1873
2014-01,United Kingdom,585282
2014-01,United States,1218757
2014-01,Uruguay,418
2014-01,US Virgin Islands,112
2014-01,Uzbekistan,31
2014-01,Vanuatu,73
2014-01,Vatican,35
2014-01,Venezuela,518
2014-01,Vietnam,311
2014-01,Virgin Islands,329
2014-01,Western Sahara,39
2014-01,Yemen,30
2014-01,Zambia,98
2014-01,Zimbabwe,145
2014-02,Afghanistan,85
2014-02,Albania,145
2014-02,Algeria,78
2014-02,American Samoa,57
2014-02,Andorra,88
2014-02,Angola,51
2014-02,Anguilla,37
2014-02,Antigua and Barbuda,115
2014-02,Argentina,2694
2014-02,Armenia,88
2014-02,Aruba,324
2014-02,Australia,287599
2014-02,Austria,7828
2014-02,Azerbaijan,92
2014-02,Bahamas,232
2014-02,Bahrain,205
2014-02,Bangladesh,262
2014-02,Barbados,202
2014-02,Belarus,76
2014-02,Belgium,18064
2014-02,Belize,123
2014-02,Benin,31
2014-02,Bermuda,340
2014-02,Bhutan,34
2014-02,Bolivia,186
2014-02,Bosnia and Herzegovina,270
2014-02,Botswana,80
2014-02,Brazil,5950
2014-02,Brunei,97
2014-02,Bulgaria,1667
2014-02,Burkina Faso,53
2014-02,Burundi,35
2014-02,Cambodia,257
2014-02,Cameroon,58
2014-02,Canada,382205
2014-02,Cape Verde,63
2014-02,Cayman Islands,179
2014-02,Central African Republic,49
2014-02,Chad,38
2014-02,Chile,1295
2014-02,China,1236
2014-02,Colombia,1593
2014-02,Congo,89
2014-02,Cook Islands,42
2014-02,Costa Rica,5695
2014-02,Cote d'Ivoire,41
2014-02,Croatia,2315
2014-02,Cuba,45
2014-02,Cyprus,1104
2014-02,Czech Republic,3051
2014-02,Denmark,12260
2014-02,Djibouti,39
2014-02,Dominica,51
2014-02,Dominican Republic,316
2014-02,East Timor,45
2014-02,Ecuador,463
2014-02,Egypt,407
2014-02,El Salvador,161
2014-02,Equatorial Guinea,28
2014-02,Eritrea,33
2014-02,Estonia,1188
2014-02,Ethiopia,67
2014-02,Falkland Islands,39
2014-02,Faroe Islands,78
2014-02,Fiji,113
2014-02,Finland,12924
2014-02,France,25919
2014-02,French Guiana,39
2014-02,French Polynesia,117
2014-02,Gabon,50
2014-02,Gambia,29
2014-02,Georgia,186
2014-02,Germany,43581
2014-02,Ghana,148
2014-02,Gibraltar,247
2014-02,Greece,5234
2014-02,Greenland,66
2014-02,Grenada,54
2014-02,Guadeloupe,81
2014-02,Guam,138
2014-02,Guatemala,375
2014-02,Guinea,32
2014-02,Guinea-Bissau,38
2014-02,Guyana,64
2014-02,Haiti,68
2014-02,Honduras,222
2014-02,Hong Kong,2412
2014-02,Hungary,1328
2014-02,Iceland,2388
2014-02,India,5661
2014-02,Indonesia,1327
2014-02,Iran,151
2014-02,Iraq,62
2014-02,Ireland,35030
2014-02,Israel,2573
2014-02,Italy,16112
2014-02,Jamaica,266
2014-02,Japan,2590
2014-02,Jordan,214
2014-02,Kazakhstan,90
2014-02,Kenya,457
2014-02,Kosovo,116
2014-02,Kuwait,163
2014-02,Kyrgistan,31
2014-02,Laos,75
2014-02,Latvia,465
2014-02,Lebanon,395
2014-02,Lesotho,57
2014-02,Liberia,30
2014-02,Libya,43
2014-02,Liechtenstein,44
2014-02,Lithuania,454
2014-02,Luxembourg,1145
2014-02,Macau,106
2014-02,Macedonia,363
2014-02,Madagascar,59
2014-02,Malawi,53
2014-02,Malaysia,3196
2014-02,Maldives,74
2014-02,Mali,32
2014-02,Malta,1944
2014-02,Marshall Islands,36
2014-02,Martinique,54
2014-02,Mauritania,29
2014-02,Mauritius,193
2014-02,Mexico,6784
2014-02,Micronesia,38
2014-02,Moldova,58
2014-02,Monaco,122
2014-02,Mongolia,44
2014-02,Montenegro,75
2014-02,Montserrat,29
2014-02,Morocco,239
2014-02,Mozambique,104
2014-02,Myanmar,66
2014-02,Namibia,223
2014-02,Nauru,34
2014-02,Nepal,206
2014-02,Netherlands,44273
2014-02,Netherlands Antilles,295
2014-02,New Caledonia,113
2014-02,New Zealand,29379
2014-02,Nicaragua,163
2014-02,Niger,31
2014-02,Nigeria,178
2014-02,Northern Mariana Islands,50
2014-02,Norway,15182
2014-02,Oman,165
2014-02,Pakistan,2005
2014-02,Palau,28
2014-02,Palestine,79
2014-02,Panama,637
2014-02,Papua New Guinea,49
2014-02,Paraguay,109
2014-02,Peru,853
2014-02,Philippines,2616
2014-02,Poland,4681
2014-02,Portugal,8170
2014-02,Puerto Rico,1746
2014-02,Qatar,377
2014-02,Reunion,116
2014-02,Romania,2805
2014-02,Russia,1230
2014-02,Russian Federation,337
2014-02,Rwanda,42
2014-02,Samoa,64
2014-02,San Marino,29
2014-02,Saudi Arabia,369
2014-02,Senegal,76
2014-02,Serbia,938
2014-02,Seychelles,56
2014-02,Sierra Leone,27
2014-02,Singapore,4196
2014-02,Slovakia,1352
2014-02,Slovenia,3855
2014-02,Solomon Islands,35
2014-02,Somalia,26
2014-02,South Africa,10447
2014-02,South Korea,480
2014-02,South Sudan,34
2014-02,Spain,16934
2014-02,Sri Lanka,391
2014-02,St. Helena,26
2014-02,St. Kitts-Nevis,44
2014-02,St. Lucia,87
2014-02,St. Vincent and the Grenadines,45
2014-02,Sudan,36
2014-02,Suriname,132
2014-02,Swaziland,60
2014-02,Sweden,24911
2014-02,Switzerland,10691
2014-02,Syria,48
2014-02,Taiwan,1069
2014-02,Tanzania,146
2014-02,Thailand,1831
2014-02,Togo,35
2014-02,Tonga,36
2014-02,Trinidad and Tobago,621
2014-02,Tunisia,126
2014-02,Turkey,2278
2014-02,Turkmenistan,28
2014-02,Turks and Caicos Islands,83
2014-02,Uganda,164
2014-02,Ukraine,339
2014-02,United Arab Emirates,2003
2014-02,United Kingdom,729667
2014-02,United States,1246456
2014-02,Uruguay,438
2014-02,US Virgin Islands,111
2014-02,Uzbekistan,34
2014-02,Vanuatu,82
2014-02,Vatican,38
2014-02,Venezuela,543
2014-02,Vietnam,345
2014-02,Virgin Islands,343
2014-02,Wallis and Futuna,32
2014-02,Western Sahara,39
2014-02,Yemen,34
2014-02,Zambia,99
2014-02,Zimbabwe,163
2014-03,Afghanistan,96
2014-03,Albania,156
2014-03,Algeria,91
2014-03,American Samoa,63
2014-03,Andorra,103
2014-03,Angola,53
2014-03,Anguilla,40
2014-03,Antigua and Barbuda,136
2014-03,Argentina,3356
2014-03,Armenia,90
2014-03,Aruba,371
2014-03,Australia,340718
2014-03,Austria,8764
2014-03,Azerbaijan,95
2014-03,Bahamas,301
2014-03,Bahrain,249
2014-03,Bangladesh,283
2014-03,Barbados,273
2014-03,Belarus,87
2014-03,Belgium,21318
2014-03,Belize,150
2014-03,Benin,33
2014-03,Bermuda,427
2014-03,Bhutan,41
2014-03,Bolivia,233
2014-03,Bosnia and Herzegovina,291
2014-03,Botswana,91
2014-03,Brazil,8377
2014-03,Brunei,114
2014-03,Bulgaria,1790
2014-03,Burkina Faso,55
2014-03,Burundi,39
2014-03,Cambodia,293
2014-03,Cameroon,69
2014-03,Canada,531569
2014-03,Cape Verde,86
2014-03,Cayman Islands,283
2014-03,Central African Republic,51
2014-03,Chad,41
2014-03,Chile,1692
2014-03,China,1282
2014-03,Colombia,2210
2014-03,Congo,90
2014-03,Cook Islands,50
2014-03,Costa Rica,6142
2014-03,Cote d'Ivoire,49
2014-03,Croatia,2483
2014-03,Cuba,48
2014-03,Cyprus,1247
2014-03,Czech Republic,3083
2014-03,Denmark,14465
2014-03,Djibouti,39
2014-03,Dominica,56
2014-03,Dominican Republic,546
2014-03,East Timor,49
2014-03,Ecuador,706
2014-03,Egypt,501
2014-03,El Salvador,243
2014-03,Equatorial Guinea,30
2014-03,Eritrea,35
2014-03,Estonia,1316
2014-03,Ethiopia,71
2014-03,Falkland Islands,53
2014-03,Faroe Islands,82
2014-03,Fiji,130
2014-03,Finland,13929
2014-03,France,30260
2014-03,French Guiana,45
2014-03,French Polynesia,149
2014-03,Gabon,51
2014-03,Gambia,34
2014-03,Georgia,209
2014-03,Germany,49388
2014-03,Ghana,160
2014-03,Gibraltar,345
2014-03,Greece,5716
2014-03,Greenland,76
2014-03,Grenada,63
2014-03,Guadeloupe,107
2014-03,Guam,267
2014-03,Guatemala,692
2014-03,Guinea,33
2014-03,Guinea-Bissau,40
2014-03,Guyana,76
2014-03,Haiti,81
2014-03,Honduras,309
2014-03,Hong Kong,3003
2014-03,Hungary,1550
2014-03,Iceland,2692
2014-03,India,6515
2014-03,Indonesia,1614
2014-03,Iran,170
2014-03,Iraq,74
2014-03,Ireland,41928
2014-03,Israel,3381
2014-03,Italy,17268
2014-03,Jamaica,311
2014-03,Japan,2943
2014-03,Jordan,240
2014-03,Kazakhstan,98
2014-03,Kenya,545
2014-03,Kiribati,27
2014-03,Kosovo,121
2014-03,Kuwait,192
2014-03,Kyrgistan,35
2014-03,Laos,87
2014-03,Latvia,497
2014-03,Lebanon,445
2014-03,Lesotho,66
2014-03,Liberia,34
2014-03,Libya,52
2014-03,Liechtenstein,51
2014-03,Lithuania,515
2014-03,Luxembourg,1306
2014-03,Macau,121
2014-03,Macedonia,390
2014-03,Madagascar,66
2014-03,Malawi,57
2014-03,Malaysia,3687
2014-03,Maldives,88
2014-03,Mali,37
2014-03,Malta,2341
2014-03,Marshall Islands,40
2014-03,Martinique,61
2014-03,Mauritania,32
2014-03,Mauritius,240
2014-03,Mexico,15141
2014-03,Micronesia,42
2014-03,Moldova,63
2014-03,Monaco,138
2014-03,Mongolia,49
2014-03,Montenegro,81
2014-03,Montserrat,30
2014-03,Morocco,271
2014-03,Mozambique,113
2014-03,Myanmar,72
2014-03,Namibia,239
2014-03,Nauru,38
2014-03,Nepal,230
2014-03,Netherlands,49067
2014-03,Netherlands Antilles,373
2014-03,New Caledonia,159
2014-03,New Zealand,41899
2014-03,Nicaragua,205
2014-03,Niger,34
2014-03,Nigeria,192
2014-03,North Korea,28
2014-03,Northern Mariana Islands,56
2014-03,Norway,17568
2014-03,Oman,189
2014-03,Pakistan,2127
2014-03,Palau,30
2014-03,Palestine,85
2014-03,Panama,747
2014-03,Papua New Guinea,52
2014-03,Paraguay,144
2014-03,Peru,1224
2014-03,Philippines,3499
2014-03,Poland,5097
2014-03,Portugal,8898
2014-03,Puerto Rico,4490
2014-03,Qatar,460
2014-03,Reunion,142
2014-03,Romania,3008
2014-03,Russia,1366
2014-03,Russian Federation,337
2014-03,Rwanda,45
2014-03,Samoa,66
2014-03,San Marino,34
2014-03,Sao Tome and Principe,28
2014-03,Saudi Arabia,440
2014-03,Senegal,79
2014-03,Serbia,1058
2014-03,Seychelles,60
2014-03,Sierra Leone,30
2014-03,Singapore,5319
2014-03,Slovakia,1470
2014-03,Slovenia,4212
2014-03,Solomon Islands,37
2014-03,Somalia,28
2014-03,South Africa,12709
2014-03,South Korea,572
2014-03,South Sudan,35
2014-03,Spain,19209
2014-03,Sri Lanka,435
2014-03,St. Helena,29
2014-03,St. Kitts-Nevis,52
2014-03,St. Lucia,95
2014-03,St. Vincent and the Grenadines,53
2014-03,Sudan,36
2014-03,Suriname,143
2014-03,Swaziland,73
2014-03,Sweden,29506
2014-03,Switzerland,12013
2014-03,Syria,51
2014-03,Taiwan,1203
2014-03,Tajikistan,27
2014-03,Tanzania,158
2014-03,Thailand,2210
2014-03,Togo,38
2014-03,Tonga,40
2014-03,Trinidad and Tobago,876
2014-03,Tunisia,138
2014-03,Turkey,2576
2014-03,Turkmenistan,31
2014-03,Turks and Caicos Islands,108
2014-03,Uganda,187
2014-03,Ukraine,388
2014-03,United Arab Emirates,2653
2014-03,United Kingdom,828672
2014-03,United States,1779535
2014-03,Uruguay,556
2014-03,US Virgin Islands,110
2014-03,Uzbekistan,39
2014-03,Vanuatu,93
2014-03,Vatican,45
2014-03,Venezuela,745
2014-03,Vietnam,427
2014-03,Virgin Islands,446
2014-03,Wallis and Futuna,39
2014-03,Western Sahara,48
2014-03,Yemen,37
2014-03,Zambia,113
2014-03,Zimbabwe,196
2014-04,Afghanistan,92
2014-04,Albania,159
2014-04,Algeria,101
2014-04,American Samoa,67
2014-04,Andorra,106
2014-04,Angola,52
2014-04,Anguilla,39
2014-04,Antigua and Barbuda,136
2014-04,Argentina,3451
2014-04,Armenia,91
2014-04,Aruba,378
2014-04,Australia,341815
2014-04,Austria,8975
2014-04,Azerbaijan,97
2014-04,Bahamas,305
2014-04,Bahrain,253
2014-04,Bangladesh,294
2014-04,Barbados,273
2014-04,Belarus,91
2014-04,Belgium,21926
2014-04,Belize,155
2014-04,Benin,34
2014-04,Bermuda,430
2014-04,Bhutan,41
2014-04,Bolivia,244
2014-04,Bosnia and Herzegovina,303
2014-04,Botswana,94
2014-04,Brazil,8741
2014-04,Brunei,120
2014-04,Bulgaria,1892
2014-04,Burkina Faso,55
2014-04,Burundi,42
2014-04,Cambodia,293
2014-04,Cameroon,70
2014-04,Canada,531928
2014-04,Cape Verde,88
2014-04,Cayman Islands,284
2014-04,Central African Republic,52
2014-04,Chad,38
2014-04,Chile,1751
2014-04,China,1283
2014-04,Colombia,2293
2014-04,Congo,96
2014-04,Cook Islands,52
2014-04,Costa Rica,6142
2014-04,Cote d'Ivoire,49
2014-04,Croatia,2534
2014-04,Cuba,47
2014-04,Cyprus,1286
2014-04,Czech Republic,3072
2014-04,Denmark,14537
2014-04,Djibouti,40
2014-04,Dominica,56
2014-04,Dominican Republic,541
2014-04,East Timor,48
2014-04,Ecuador,713
2014-04,Egypt,520
2014-04,El Salvador,263
2014-04,Equatorial Guinea,33
2014-04,Eritrea,39
2014-04,Estonia,1321
2014-04,Ethiopia,72
2014-04,Falkland Islands,51
2014-04,Faroe Islands,82
2014-04,Fiji,133
2014-04,Finland,13955
2014-04,France,31551
2014-04,French Guiana,50
2014-04,French Polynesia,150
2014-04,Gabon,53
2014-04,Gambia,39
2014-04,Georgia,211
2014-04,Germany,50166
2014-04,Ghana,161
2014-04,Gibraltar,360
2014-04,Greece,5927
2014-04,Greenland,78
2014-04,Grenada,63
2014-04,Guadeloupe,109
2014-04,Guam,275
2014-04,Guatemala,706
2014-04,Guinea,36
2014-04,Guinea-Bissau,40
2014-04,Guyana,77
2014-04,Haiti,82
2014-04,Honduras,320
2014-04,Hong Kong,3031
2014-04,Hungary,1578
2014-04,Iceland,2874
2014-04,India,6721
2014-04,Indonesia,1770
2014-04,Iran,179
2014-04,Iraq,76
2014-04,Ireland,42156
2014-04,Israel,3341
2014-04,Italy,17618
2014-04,Jamaica,321
2014-04,Japan,2978
2014-04,Jordan,244
2014-04,Kazakhstan,98
2014-04,Kenya,559
2014-04,Kiribati,29
2014-04,Kosovo,124
2014-04,Kuwait,191
2014-04,Kyrgistan,38
2014-04,Laos,90
2014-04,Latvia,498
2014-04,Lebanon,444
2014-04,Lesotho,64
2014-04,Liberia,37
2014-04,Libya,55
2014-04,Liechtenstein,56
2014-04,Lithuania,521
2014-04,Luxembourg,1336
2014-04,Macau,125
2014-04,Macedonia,405
2014-04,Madagascar,68
2014-04,Malawi,58
2014-04,Malaysia,3765
2014-04,Maldives,90
2014-04,Mali,42
2014-04,Malta,2360
2014-04,Marshall Islands,41
2014-04,Martinique,60
2014-04,Mauritania,33
2014-04,Mauritius,253
2014-04,Mexico,15527
2014-04,Micronesia,41
2014-04,Moldova,63
2014-04,Monaco,137
2014-04,Mongolia,51
2014-04,Montenegro,86
2014-04,Montserrat,32
2014-04,Morocco,283
2014-04,Mozambique,116
2014-04,Myanmar,73
2014-04,Namibia,248
2014-04,Nauru,39
2014-04,Nepal,232
2014-04,Netherlands,48942
2014-04,Netherlands Antilles,379
2014-04,New Caledonia,169
2014-04,New Zealand,42113
2014-04,Nicaragua,208
2014-04,Niger,39
2014-04,Nigeria,198
2014-04,North Korea,29
2014-04,Northern Mariana Islands,59
2014-04,Norway,17818
2014-04,Oman,191
2014-04,Pakistan,2148
2014-04,Palau,37
2014-04,Palestine,86
2014-04,Panama,761
2014-04,Papua New Guinea,61
2014-04,Paraguay,154
2014-04,Peru,1255
2014-04,Philippines,3575
2014-04,Poland,5228
2014-04,Portugal,9041
2014-04,Puerto Rico,4591
2014-04,Qatar,472
2014-04,Reunion,146
2014-04,Romania,3105
2014-04,Russia,1398
2014-04,Russian Federation,316
2014-04,Rwanda,46
2014-04,Samoa,65
2014-04,San Marino,38
2014-04,Sao Tome and Principe,26
2014-04,Saudi Arabia,447
2014-04,Senegal,82
2014-04,Serbia,1068
2014-04,Seychelles,62
2014-04,Sierra Leone,31
2014-04,Singapore,5166
2014-04,Slovakia,1464
2014-04,Slovenia,4303
2014-04,Solomon Islands,35
2014-04,Somalia,29
2014-04,South Africa,13043
2014-04,South Korea,578
2014-04,South Sudan,38
2014-04,Spain,19607
2014-04,Sri Lanka,440
2014-04,St. Helena,32
2014-04,St. Kitts-Nevis,55
2014-04,St. Lucia,96
2014-04,St. Pierre and Miquelon,27
2014-04,St. Vincent and the Grenadines,52
2014-04,Sudan,40
2014-04,Suriname,149
2014-04,Swaziland,81
2014-04,Sweden,29800
2014-04,Switzerland,12155
2014-04,Syria,53
2014-04,Taiwan,1226
2014-04,Tajikistan,27
2014-04,Tanzania,162
2014-04,Thailand,2231
2014-04,Togo,38
2014-04,Tonga,42
2014-04,Trinidad and Tobago,878
2014-04,Tunisia,144
2014-04,Turkey,2884
2014-04,Turkmenistan,36
2014-04,Turks and Caicos Islands,110
2014-04,Uganda,192
2014-04,Ukraine,392
2014-04,United Arab Emirates,2720
2014-04,United Kingdom,852669
2014-04,United States,1778663
2014-04,Uruguay,567
2014-04,US Virgin Islands,109
2014-04,Uzbekistan,41
2014-04,Vanuatu,92
2014-04,Vatican,46
2014-04,Venezuela,763
2014-04,Vietnam,436
2014-04,Virgin Islands,450
2014-04,Wallis and Futuna,43
2014-04,Western Sahara,45
2014-04,Yemen,38
2014-04,Zambia,126
2014-04,Zimbabwe,197
2014-05,Afghanistan,102
2014-05,Albania,187
2014-05,Algeria,112
2014-05,American Samoa,71
2014-05,Andorra,108
2014-05,Angola,58
2014-05,Anguilla,44
2014-05,Antigua and Barbuda,149
2014-05,Argentina,3759
2014-05,Armenia,101
2014-05,Aruba,406
2014-05,Australia,389547
2014-05,Austria,9786
2014-05,Azerbaijan,100
2014-05,Bahamas,366
2014-05,Bahrain,291
2014-05,Bangladesh,320
2014-05,Barbados,313
2014-05,Belarus,99
2014-05,Belgium,23495
2014-05,Belize,167
2014-05,Benin,37
2014-05,Bermuda,533
2014-05,Bhutan,42
2014-05,Bolivia,276
2014-05,Bosnia and Herzegovina,390
2014-05,Botswana,117
2014-05,Brazil,9388
2014-05,Brunei,129
2014-05,Bulgaria,2279
2014-05,Burkina Faso,57
2014-05,Burundi,46
2014-05,Cambodia,327
2014-05,Cameroon,77
2014-05,Canada,575232
2014-05,Cape Verde,91
2014-05,Cayman Islands,322
2014-05,Central African Republic,53
2014-05,Chad,40
2014-05,Chile,1949
2014-05,China,1322
2014-05,Colombia,2529
2014-05,Congo,89
2014-05,Cook Islands,58
2014-05,Costa Rica,6333
2014-05,Cote d'Ivoire,51
2014-05,Croatia,2851
2014-05,Cuba,47
2014-05,Cyprus,1428
2014-05,Czech Republic,3277
2014-05,Denmark,16915
2014-05,Djibouti,42
2014-05,Dominica,61
2014-05,Dominican Republic,713
2014-05,East Timor,50
2014-05,Ecuador,790
2014-05,Egypt,623
2014-05,El Salvador,350
2014-05,Equatorial Guinea,35
2014-05,Eritrea,42
2014-05,Estonia,1525
2014-05,Ethiopia,76
2014-05,Falkland Islands,52
2014-05,Faroe Islands,98
2014-05,Fiji,147
2014-05,Finland,15192
2014-05,France,33978
2014-05,French Guiana,50
2014-05,French Polynesia,155
2014-05,Gabon,50
2014-05,Gambia,43
2014-05,Georgia,221
2014-05,Germany,54875
2014-05,Ghana,182
2014-05,Gibraltar,381
2014-05,Greece,6639
2014-05,Greenland,99
2014-05,Grenada,66
2014-05,Guadeloupe,121
2014-05,Guam,320
2014-05,Guatemala,832
2014-05,Guinea,37
2014-05,Guinea-Bissau,41
2014-05,Guyana,85
2014-05,Haiti,94
2014-05,Honduras,420
2014-05,Hong Kong,3318
2014-05,Hungary,1754
2014-05,Iceland,3202
2014-05,India,7344
2014-05,Indonesia,1955
2014-05,Iran,192
2014-05,Iraq,83
2014-05,Ireland,46542
2014-05,Israel,3777
2014-05,Italy,18600
2014-05,Jamaica,408
2014-05,Japan,3279
2014-05,Jordan,299
2014-05,Kazakhstan,110
2014-05,Kenya,631
2014-05,Kiribati,30
2014-05,Kosovo,139
2014-05,Kuwait,227
2014-05,Kyrgistan,44
2014-05,Laos,92
2014-05,Latvia,589
2014-05,Lebanon,505
2014-05,Lesotho,59
2014-05,Liberia,39
2014-05,Libya,64
2014-05,Liechtenstein,64
2014-05,Lithuania,604
2014-05,Luxembourg,1499
2014-05,Macau,136
2014-05,Macedonia,548
2014-05,Madagascar,70
2014-05,Malawi,68
2014-05,Malaysia,4093
2014-05,Maldives,97
2014-05,Mali,43
2014-05,Malta,2527
2014-05,Marshall Islands,43
2014-05,Martinique,60
2014-05,Mauritania,34
2014-05,Mauritius,287
2014-05,Mexico,16926
2014-05,Micronesia,42
2014-05,Moldova,71
2014-05,Monaco,149
2014-05,Mongolia,61
2014-05,Montenegro,98
2014-05,Montserrat,32
2014-05,Morocco,348
2014-05,Mozambique,126
2014-05,Myanmar,83
2014-05,Namibia,287
2014-05,Nauru,40
2014-05,Nepal,255
2014-05,Netherlands,53513
2014-05,Netherlands Antilles,412
2014-05,New Caledonia,181
2014-05,New Zealand,47483
2014-05,Nicaragua,258
2014-05,Niger,42
2014-05,Nigeria,235
2014-05,North Korea,31
2014-05,Northern Mariana Islands,66
2014-05,Norway,20587
2014-05,Oman,205
2014-05,Pakistan,2287
2014-05,Palau,41
2014-05,Palestine,93
2014-05,Panama,881
2014-05,Papua New Guinea,67
2014-05,Paraguay,171
2014-05,Peru,1379
2014-05,Philippines,3898
2014-05,Poland,5893
2014-05,Portugal,9936
2014-05,Puerto Rico,5780
2014-05,Qatar,527
2014-05,Reunion,159
2014-05,Romania,3529
2014-05,Russia,1505
2014-05,Russian Federation,316
2014-05,Rwanda,52
2014-05,Samoa,67
2014-05,San Marino,42
2014-05,Sao Tome and Principe,31
2014-05,Saudi Arabia,506
2014-05,Senegal,90
2014-05,Serbia,1480
2014-05,Seychelles,70
2014-05,Sierra Leone,36
2014-05,Singapore,5487
2014-05,Slovakia,1594
2014-05,Slovenia,4797
2014-05,Solomon Islands,37
2014-05,Somalia,33
2014-05,South Africa,14713
2014-05,South Korea,651
2014-05,South Sudan,37
2014-05,Spain,21345
2014-05,Sri Lanka,484
2014-05,St. Helena,34
2014-05,St. Kitts-Nevis,60
2014-05,St. Lucia,112
2014-05,St. Pierre and Miquelon,29
2014-05,St. Vincent and the Grenadines,58
2014-05,Sudan,46
2014-05,Suriname,173
2014-05,Swaziland,88
2014-05,Sweden,33251
2014-05,Switzerland,13083
2014-05,Syria,56
2014-05,Taiwan,1363
2014-05,Tajikistan,28
2014-05,Tanzania,174
2014-05,Thailand,2492
2014-05,Togo,41
2014-05,Tonga,47
2014-05,Trinidad and Tobago,947
2014-05,Tunisia,158
2014-05,Turkey,3154
2014-05,Turkmenistan,39
2014-05,Turks and Caicos Islands,122
2014-05,Tuvalu,26
2014-05,Uganda,224
2014-05,Ukraine,424
2014-05,United Arab Emirates,3044
2014-05,United Kingdom,921107
2014-05,United States,2225545
2014-05,Uruguay,640
2014-05,US Virgin Islands,109
2014-05,Uzbekistan,44
2014-05,Vanuatu,102
2014-05,Vatican,65
2014-05,Venezuela,859
2014-05,Vietnam,493
2014-05,Virgin Islands,563
2014-05,Wallis and Futuna,44
2014-05,Western Sahara,44
2014-05,Yemen,41
2014-05,Zambia,136
2014-05,Zimbabwe,217
2014-06,Afghanistan,104
2014-06,Albania,193
2014-06,Algeria,119
2014-06,American Samoa,72
2014-06,Andorra,111
2014-06,Angola,60
2014-06,Anguilla,54
2014-06,Antigua and Barbuda,152
2014-06,Argentina,3855
2014-06,Armenia,109
2014-06,Aruba,428
2014-06,Australia,395365
2014-06,Austria,10491
2014-06,Azerbaijan,105
2014-06,Bahamas,384
2014-06,Bahrain,312
2014-06,Bangladesh,325
2014-06,Barbados,322
2014-06,Belarus,102
2014-06,Belgium,25260
2014-06,Belize,176
2014-06,Benin,38
2014-06,Bermuda,551
2014-06,Bhutan,42
2014-06,Bolivia,289
2014-06,Bosnia and Herzegovina,421
2014-06,Botswana,129
2014-06,Brazil,9635
2014-06,Brunei,220
2014-06,Bulgaria,2422
2014-06,Burkina Faso,59
2014-06,Burundi,47
2014-06,Cambodia,343
2014-06,Cameroon,79
2014-06,Canada,617178
2014-06,Cape Verde,98
2014-06,Cayman Islands,341
2014-06,Central African Republic,54
2014-06,Chad,42
2014-06,Chile,2026
2014-06,China,1330
2014-06,Colombia,2602
2014-06,Congo,81
2014-06,Cook Islands,60
2014-06,Costa Rica,6377
2014-06,Cote d'Ivoire,56
2014-06,Croatia,3508
2014-06,Cuba,53
2014-06,Cyprus,1557
2014-06,Czech Republic,3486
2014-06,Denmark,18526
2014-06,Djibouti,42
2014-06,Dominica,60
2014-06,Dominican Republic,730
2014-06,East Timor,55
2014-06,Ecuador,812
2014-06,Egypt,687
2014-06,El Salvador,369
2014-06,Equatorial Guinea,37
2014-06,Eritrea,43
2014-06,Estonia,1814
2014-06,Ethiopia,85
2014-06,Falkland Islands,54
2014-06,Faroe Islands,106
2014-06,Fiji,159
2014-06,Finland,16527
2014-06,France,36381
2014-06,French Guiana,51
2014-06,French Polynesia,167
2014-06,Gabon,46
2014-06,Gambia,45
2014-06,Georgia,236
2014-06,Germany,58010
2014-06,Ghana,193
2014-06,Gibraltar,395
2014-06,Greece,7070
2014-06,Greenland,101
2014-06,Grenada,72
2014-06,Guadeloupe,122
2014-06,Guam,336
2014-06,Guatemala,884
2014-06,Guinea,38
2014-06,Guinea-Bissau,42
2014-06,Guyana,91
2014-06,Haiti,95
2014-06,Honduras,435
2014-06,Hong Kong,3505
2014-06,Hungary,1909
2014-06,Iceland,3346
2014-06,India,7624
2014-06,Indonesia,2219
2014-06,Iran,206
2014-06,Iraq,90
2014-06,Ireland,48176
2014-06,Israel,4058
2014-06,Italy,19399
2014-06,Jamaica,446
2014-06,Japan,3470
2014-06,Jordan,328
2014-06,Kazakhstan,117
2014-06,Kenya,655
2014-06,Kiribati,30
2014-06,Kosovo,148
2014-06,Kuwait,241
2014-06,Kyrgistan,46
2014-06,Laos,91
2014-06,Latvia,665
2014-06,Lebanon,536
2014-06,Lesotho,41
2014-06,Liberia,41
2014-06,Libya,66
2014-06,Liechtenstein,67
2014-06,Lithuania,801
2014-06,Luxembourg,1687
2014-06,Macau,144
2014-06,Macedonia,564
2014-06,Madagascar,71
2014-06,Malawi,70
2014-06,Malaysia,4583
2014-06,Maldives,106
2014-06,Mali,44
2014-06,Malta,2930
2014-06,Marshall Islands,42
2014-06,Martinique,63
2014-06,Mauritania,37
2014-06,Mauritius,295
2014-06,Mexico,17471
2014-06,Micronesia,42
2014-06,Moldova,76
2014-06,Monaco,158
2014-06,Mongolia,64
2014-06,Montenegro,107
2014-06,Montserrat,34
2014-06,Morocco,377
2014-06,Mozambique,136
2014-06,Myanmar,86
2014-06,Namibia,297
2014-06,Nauru,41
2014-06,Nepal,269
2014-06,Netherlands,58387
2014-06,Netherlands Antilles,423
2014-06,New Caledonia,186
2014-06,New Zealand,48064
2014-06,Nicaragua,265
2014-06,Niger,41
2014-06,Nigeria,253
2014-06,North Korea,32
2014-06,Northern Mariana Islands,70
2014-06,Norway,22901
2014-06,Oman,220
2014-06,Pakistan,2352
2014-06,Palau,41
2014-06,Palestine,99
2014-06,Panama,897
2014-06,Papua New Guinea,69
2014-06,Paraguay,184
2014-06,Peru,1446
2014-06,Philippines,4647
2014-06,Poland,6286
2014-06,Portugal,11119
2014-06,Puerto Rico,6167
2014-06,Qatar,557
2014-06,Reunion,163
2014-06,Romania,3828
2014-06,Russia,1532
2014-06,Russian Federation,313
2014-06,Rwanda,54
2014-06,Samoa,68
2014-06,San Marino,44
2014-06,Sao Tome and Principe,32
2014-06,Saudi Arabia,529
2014-06,Senegal,98
2014-06,Serbia,1528
2014-06,Seychelles,76
2014-06,Sierra Leone,36
2014-06,Singapore,5891
2014-06,Slovakia,1776
2014-06,Slovenia,5426
2014-06,Solomon Islands,38
2014-06,Somalia,34
2014-06,South Africa,15456
2014-06,South Korea,691
2014-06,South Sudan,39
2014-06,Spain,22694
2014-06,Sri Lanka,514
2014-06,St. Helena,35
2014-06,St. Kitts-Nevis,63
2014-06,St. Lucia,115
2014-06,St. Pierre and Miquelon,30
2014-06,St. Vincent and the Grenadines,63
2014-06,Sudan,46
2014-06,Suriname,181
2014-06,Swaziland,95
2014-06,Sweden,35422
2014-06,Switzerland,14007
2014-06,Syria,61
2014-06,Taiwan,1412
2014-06,Tajikistan,32
2014-06,Tanzania,178
2014-06,Thailand,2627
2014-06,Togo,43
2014-06,Tonga,47
2014-06,Trinidad and Tobago,986
2014-06,Tunisia,171
2014-06,Turkey,3250
2014-06,Turkmenistan,43
2014-06,Turks and Caicos Islands,129
2014-06,Tuvalu,28
2014-06,Uganda,235
2014-06,Ukraine,445
2014-06,United Arab Emirates,3204
2014-06,United Kingdom,941147
2014-06,United States,2349146
2014-06,Uruguay,664
2014-06,US Virgin Islands,110
2014-06,Uzbekistan,49
2014-06,Vanuatu,106
2014-06,Vatican,68
2014-06,Venezuela,875
2014-06,Vietnam,514
2014-06,Virgin Islands,600
2014-06,Wallis and Futuna,46
2014-06,Western Sahara,40
2014-06,Yemen,43
2014-06,Zambia,145
2014-06,Zimbabwe,224
2014-07,Afghanistan,105
2014-07,Albania,209
2014-07,Algeria,119
2014-07,American Samoa,72
2014-07,Andorra,113
2014-07,Angola,61
2014-07,Anguilla,54
2014-07,Antigua and Barbuda,158
2014-07,Argentina,3896
2014-07,Armenia,110
2014-07,Aruba,438
2014-07,Australia,403345
2014-07,Austria,10939
2014-07,Azerbaijan,104
2014-07,Bahamas,389
2014-07,Bahrain,318
2014-07,Bangladesh,329
2014-07,Barbados,331
2014-07,Belarus,100
2014-07,Belgium,26126
2014-07,Belize,179
2014-07,Benin,38
2014-07,Bermuda,551
2014-07,Bhutan,42
2014-07,Bolivia,299
2014-07,Bosnia and Herzegovina,454
2014-07,Botswana,134
2014-07,Brazil,9724
2014-07,Brunei,236
2014-07,Bulgaria,2486
2014-07,Burkina Faso,58
2014-07,Burundi,46
2014-07,Cambodia,354
2014-07,Cameroon,79
2014-07,Canada,627504
2014-07,Cape Verde,104
2014-07,Cayman Islands,342
2014-07,Central African Republic,55
2014-07,Chad,42
2014-07,Chile,2035
2014-07,China,1336
2014-07,Colombia,2625
2014-07,Congo,81
2014-07,Cook Islands,62
2014-07,Costa Rica,6403
2014-07,Cote d'Ivoire,56
2014-07,Croatia,4616
2014-07,Cuba,52
2014-07,Cyprus,1616
2014-07,Czech Republic,3549
2014-07,Denmark,19380
2014-07,Djibouti,42
2014-07,Dominica,62
2014-07,Dominican Republic,731
2014-07,East Timor,54
2014-07,Ecuador,818
2014-07,Egypt,700
2014-07,El Salvador,372
2014-07,Equatorial Guinea,37
2014-07,Eritrea,43
2014-07,Estonia,1950
2014-07,Ethiopia,90
2014-07,Falkland Islands,54
2014-07,Faroe Islands,127
2014-07,Fiji,162
2014-07,Finland,17223
2014-07,France,37306
2014-07,French Guiana,53
2014-07,French Polynesia,170
2014-07,Gabon,48
2014-07,Gambia,43
2014-07,Georgia,240
2014-07,Germany,60198
2014-07,Ghana,197
2014-07,Gibraltar,401
2014-07,Greece,7446
2014-07,Greenland,109
2014-07,Grenada,75
2014-07,Guadeloupe,123
2014-07,Guam,335
2014-07,Guatemala,892
2014-07,Guinea,39
2014-07,Guinea-Bissau,42
2014-07,Guyana,95
2014-07,Haiti,96
2014-07,Honduras,437
2014-07,Hong Kong,3559
2014-07,Hungary,1995
2014-07,Iceland,3445
2014-07,India,7848
2014-07,Indonesia,2262
2014-07,Iran,213
2014-07,Iraq,93
2014-07,Ireland,49339
2014-07,Israel,4121
2014-07,Italy,19753
2014-07,Jamaica,449
2014-07,Japan,3556
2014-07,Jordan,330
2014-07,Kazakhstan,121
2014-07,Kenya,666
2014-07,Kiribati,31
2014-07,Kosovo,149
2014-07,Kuwait,248
2014-07,Kyrgistan,46
2014-07,Laos,91
2014-07,Latvia,709
2014-07,Lebanon,543
2014-07,Lesotho,41
2014-07,Liberia,41
2014-07,Libya,68
2014-07,Liechtenstein,68
2014-07,Lithuania,886
2014-07,Luxembourg,1745
2014-07,Macau,148
2014-07,Macedonia,576
2014-07,Madagascar,73
2014-07,Malawi,71
2014-07,Malaysia,4651
2014-07,Maldives,106
2014-07,Mali,43
2014-07,Malta,3053
2014-07,Marshall Islands,43
2014-07,Martinique,66
2014-07,Mauritania,37
2014-07,Mauritius,303
2014-07,Mexico,17581
2014-07,Micronesia,42
2014-07,Moldova,77
2014-07,Monaco,163
2014-07,Mongolia,64
2014-07,Montenegro,114
2014-07,Montserrat,35
2014-07,Morocco,388
2014-07,Mozambique,136
2014-07,Myanmar,95
2014-07,Namibia,305
2014-07,Nauru,42
2014-07,Nepal,281
2014-07,Netherlands,60947
2014-07,Netherlands Antilles,431
2014-07,New Caledonia,187
2014-07,New Zealand,49341
2014-07,Nicaragua,270
2014-07,Niger,41
2014-07,Nigeria,262
2014-07,North Korea,32
2014-07,Northern Mariana Islands,70
2014-07,Norway,23947
2014-07,Oman,225
2014-07,Pakistan,2385
2014-07,Palau,41
2014-07,Palestine,102
2014-07,Panama,908
2014-07,Papua New Guinea,73
2014-07,Paraguay,187
2014-07,Peru,1472
2014-07,Philippines,4698
2014-07,Poland,6418
2014-07,Portugal,11730
2014-07,Puerto Rico,6242
2014-07,Qatar,573
2014-07,Reunion,163
2014-07,Romania,3951
2014-07,Russia,1550
2014-07,Russian Federation,311
2014-07,Rwanda,56
2014-07,Samoa,69
2014-07,San Marino,44
2014-07,Sao Tome and Principe,32
2014-07,Saudi Arabia,539
2014-07,Senegal,100
2014-07,Serbia,1576
2014-07,Seychelles,78
2014-07,Sierra Leone,37
2014-07,Singapore,5945
2014-07,Slovakia,1832
2014-07,Slovenia,5967
2014-07,Solomon Islands,35
2014-07,Somalia,34
2014-07,South Africa,15887
2014-07,South Korea,710
2014-07,South Sudan,40
2014-07,Spain,23600
2014-07,Sri Lanka,524
2014-07,St. Helena,33
2014-07,St. Kitts-Nevis,62
2014-07,St. Lucia,115
2014-07,St. Pierre and Miquelon,30
2014-07,St. Vincent and the Grenadines,63
2014-07,Sudan,48
2014-07,Suriname,183
2014-07,Swaziland,96
2014-07,Sweden,36688
2014-07,Switzerland,14352
2014-07,Syria,63
2014-07,Taiwan,1437
2014-07,Tajikistan,32
2014-07,Tanzania,182
2014-07,Thailand,2713
2014-07,Togo,44
2014-07,Tonga,49
2014-07,Trinidad and Tobago,1014
2014-07,Tunisia,176
2014-07,Turkey,3315
2014-07,Turkmenistan,45
2014-07,Turks and Caicos Islands,129
2014-07,Tuvalu,29
2014-07,Uganda,243
2014-07,Ukraine,452
2014-07,United Arab Emirates,3266
2014-07,United Kingdom,957409
2014-07,United States,2368354
2014-07,Uruguay,679
2014-07,US Virgin Islands,110
2014-07,Uzbekistan,48
2014-07,Vanuatu,108
2014-07,Vatican,66
2014-07,Venezuela,882
2014-07,Vietnam,522
2014-07,Virgin Islands,599
2014-07,Wallis and Futuna,45
2014-07,Western Sahara,39
2014-07,Yemen,44
2014-07,Zambia,155
2014-07,Zimbabwe,231
